id,Age
15000,11
15001,4
15002,7
15003,11
15004,11
15005,5
15006,7
15007,11
15008,7
15009,8
15010,11
15011,10
15012,10
15013,7
15014,11
15015,12
15016,9
15017,11
15018,10
15019,10
15020,6
15021,11
15022,14
15023,10
15024,14
15025,11
15026,4
15027,9
15028,13
15029,12
15030,7
15031,12
15032,9
15033,7
15034,9
15035,9
15036,11
15037,17
15038,12
15039,7
15040,16
15041,5
15042,10
15043,11
15044,6
15045,10
15046,8
15047,11
15048,12
15049,11
15050,12
15051,10
15052,12
15053,7
15054,7
15055,10
15056,12
15057,7
15058,12
15059,10
15060,14
15061,11
15062,10
15063,8
15064,9
15065,19
15066,7
15067,10
15068,9
15069,11
15070,15
15071,9
15072,6
15073,11
15074,11
15075,7
15076,9
15077,11
15078,9
15079,9
15080,11
15081,10
15082,11
15083,12
15084,13
15085,13
15086,6
15087,16
15088,14
15089,12
15090,9
15091,10
15092,10
15093,12
15094,9
15095,12
15096,8
15097,11
15098,8
15099,12
15100,6
15101,8
15102,7
15103,5
15104,11
15105,12
15106,7
15107,13
15108,5
15109,13
15110,4
15111,5
15112,8
15113,9
15114,10
15115,7
15116,10
15117,10
15118,15
15119,9
15120,10
15121,10
15122,7
15123,10
15124,3
15125,13
15126,13
15127,4
15128,12
15129,10
15130,8
15131,8
15132,8
15133,7
15134,5
15135,10
15136,5
15137,10
15138,8
15139,13
15140,9
15141,10
15142,13
15143,8
15144,12
15145,9
15146,8
15147,8
15148,6
15149,7
15150,12
15151,6
15152,8
15153,11
15154,10
15155,12
15156,5
15157,11
15158,10
15159,7
15160,9
15161,11
15162,11
15163,10
15164,11
15165,11
15166,7
15167,13
15168,10
15169,12
15170,11
15171,12
15172,11
15173,11
15174,6
15175,12
15176,11
15177,12
15178,7
15179,7
15180,10
15181,8
15182,8
15183,10
15184,11
15185,9
15186,11
15187,11
15188,13
15189,12
15190,13
15191,9
15192,10
15193,11
15194,9
15195,13
15196,12
15197,6
15198,12
15199,7
15200,15
15201,17
15202,10
15203,8
15204,8
15205,10
15206,9
15207,7
15208,10
15209,10
15210,9
15211,9
15212,14
15213,10
15214,11
15215,10
15216,9
15217,10
15218,8
15219,11
15220,10
15221,8
15222,8
15223,9
15224,13
15225,11
15226,12
15227,10
15228,9
15229,12
15230,10
15231,10
15232,7
15233,8
15234,9
15235,10
15236,10
15237,11
15238,5
15239,8
15240,16
15241,7
15242,11
15243,10
15244,9
15245,15
15246,13
15247,6
15248,11
15249,11
15250,10
15251,9
15252,6
15253,4
15254,10
15255,11
15256,7
15257,7
15258,12
15259,12
15260,12
15261,6
15262,10
15263,10
15264,8
15265,10
15266,7
15267,12
15268,14
15269,13
15270,8
15271,9
15272,14
15273,16
15274,12
15275,8
15276,7
15277,9
15278,8
15279,10
15280,5
15281,8
15282,6
15283,9
15284,11
15285,5
15286,10
15287,11
15288,7
15289,11
15290,11
15291,10
15292,12
15293,12
15294,15
15295,11
15296,9
15297,12
15298,6
15299,7
15300,11
15301,10
15302,10
15303,12
15304,5
15305,8
15306,6
15307,9
15308,10
15309,10
15310,10
15311,13
15312,9
15313,8
15314,8
15315,9
15316,11
15317,6
15318,8
15319,9
15320,17
15321,11
15322,6
15323,6
15324,11
15325,9
15326,9
15327,5
15328,23
15329,10
15330,11
15331,10
15332,6
15333,3
15334,8
15335,12
15336,9
15337,10
15338,9
15339,7
15340,10
15341,9
15342,7
15343,10
15344,9
15345,6
15346,10
15347,11
15348,8
15349,9
15350,9
15351,12
15352,13
15353,11
15354,9
15355,13
15356,10
15357,9
15358,9
15359,15
15360,7
15361,10
15362,9
15363,7
15364,6
15365,6
15366,10
15367,11
15368,11
15369,7
15370,5
15371,9
15372,8
15373,10
15374,7
15375,13
15376,11
15377,6
15378,6
15379,13
15380,6
15381,11
15382,11
15383,8
15384,10
15385,9
15386,4
15387,8
15388,11
15389,6
15390,6
15391,11
15392,10
15393,10
15394,10
15395,10
15396,12
15397,16
15398,16
15399,14
15400,6
15401,6
15402,8
15403,11
15404,11
15405,9
15406,14
15407,9
15408,6
15409,10
15410,10
15411,10
15412,11
15413,12
15414,9
15415,12
15416,7
15417,9
15418,12
15419,13
15420,8
15421,10
15422,10
15423,10
15424,3
15425,12
15426,7
15427,12
15428,10
15429,8
15430,11
15431,7
15432,5
15433,9
15434,11
15435,9
15436,14
15437,9
15438,9
15439,8
15440,10
15441,9
15442,7
15443,12
15444,6
15445,4
15446,10
15447,7
15448,6
15449,10
15450,11
15451,8
15452,11
15453,10
15454,11
15455,6
15456,6
15457,10
15458,12
15459,13
15460,10
15461,15
15462,4
15463,13
15464,9
15465,7
15466,10
15467,6
15468,9
15469,8
15470,3
15471,12
15472,9
15473,9
15474,8
15475,10
15476,6
15477,10
15478,8
15479,6
15480,14
15481,12
15482,5
15483,10
15484,9
15485,13
15486,6
15487,15
15488,9
15489,11
15490,6
15491,9
15492,12
15493,8
15494,11
15495,13
15496,11
15497,8
15498,7
15499,12
15500,4
15501,11
15502,10
15503,12
15504,10
15505,11
15506,9
15507,12
15508,9
15509,8
15510,9
15511,10
15512,12
15513,7
15514,12
15515,10
15516,8
15517,12
15518,9
15519,11
15520,11
15521,11
15522,9
15523,10
15524,9
15525,5
15526,6
15527,6
15528,7
15529,10
15530,9
15531,7
15532,6
15533,9
15534,11
15535,8
15536,8
15537,10
15538,8
15539,13
15540,6
15541,7
15542,5
15543,15
15544,11
15545,14
15546,5
15547,7
15548,13
15549,7
15550,8
15551,11
15552,18
15553,9
15554,10
15555,10
15556,13
15557,9
15558,10
15559,6
15560,15
15561,9
15562,11
15563,14
15564,11
15565,9
15566,9
15567,9
15568,10
15569,7
15570,9
15571,10
15572,11
15573,14
15574,10
15575,12
15576,10
15577,11
15578,4
15579,11
15580,15
15581,7
15582,7
15583,13
15584,8
15585,8
15586,8
15587,10
15588,11
15589,14
15590,8
15591,9
15592,11
15593,10
15594,10
15595,11
15596,11
15597,14
15598,9
15599,12
15600,4
15601,6
15602,10
15603,10
15604,6
15605,7
15606,3
15607,11
15608,6
15609,10
15610,8
15611,11
15612,11
15613,7
15614,7
15615,13
15616,12
15617,6
15618,9
15619,12
15620,9
15621,7
15622,8
15623,6
15624,10
15625,5
15626,6
15627,9
15628,9
15629,3
15630,8
15631,8
15632,10
15633,7
15634,11
15635,11
15636,11
15637,11
15638,7
15639,10
15640,10
15641,11
15642,7
15643,8
15644,13
15645,9
15646,11
15647,6
15648,7
15649,11
15650,10
15651,10
15652,9
15653,9
15654,8
15655,9
15656,7
15657,8
15658,11
15659,5
15660,10
15661,12
15662,9
15663,11
15664,9
15665,10
15666,14
15667,10
15668,10
15669,16
15670,10
15671,13
15672,11
15673,7
15674,7
15675,4
15676,8
15677,10
15678,10
15679,9
15680,7
15681,10
15682,5
15683,6
15684,11
15685,10
15686,5
15687,9
15688,8
15689,9
15690,10
15691,4
15692,13
15693,10
15694,9
15695,9
15696,7
15697,10
15698,6
15699,10
15700,7
15701,10
15702,10
15703,6
15704,6
15705,9
15706,9
15707,6
15708,11
15709,10
15710,10
15711,11
15712,11
15713,3
15714,8
15715,6
15716,13
15717,9
15718,10
15719,11
15720,5
15721,12
15722,10
15723,11
15724,9
15725,7
15726,10
15727,8
15728,8
15729,11
15730,10
15731,7
15732,7
15733,6
15734,11
15735,12
15736,11
15737,6
15738,12
15739,8
15740,12
15741,12
15742,9
15743,7
15744,14
15745,11
15746,8
15747,7
15748,8
15749,7
15750,4
15751,12
15752,11
15753,10
15754,11
15755,11
15756,7
15757,10
15758,6
15759,10
15760,9
15761,8
15762,12
15763,12
15764,10
15765,6
15766,10
15767,12
15768,7
15769,6
15770,10
15771,7
15772,11
15773,11
15774,11
15775,13
15776,12
15777,13
15778,4
15779,9
15780,9
15781,14
15782,10
15783,13
15784,5
15785,10
15786,11
15787,11
15788,6
15789,10
15790,14
15791,4
15792,9
15793,7
15794,7
15795,12
15796,8
15797,9
15798,13
15799,9
15800,11
15801,7
15802,14
15803,9
15804,10
15805,9
15806,12
15807,8
15808,11
15809,11
15810,4
15811,10
15812,8
15813,16
15814,9
15815,6
15816,7
15817,6
15818,10
15819,10
15820,10
15821,16
15822,10
15823,10
15824,6
15825,10
15826,11
15827,10
15828,6
15829,11
15830,11
15831,10
15832,16
15833,10
15834,12
15835,9
15836,9
15837,11
15838,14
15839,6
15840,9
15841,9
15842,10
15843,9
15844,10
15845,9
15846,12
15847,9
15848,7
15849,11
15850,11
15851,9
15852,12
15853,11
15854,10
15855,13
15856,8
15857,10
15858,12
15859,10
15860,13
15861,13
15862,11
15863,7
15864,6
15865,10
15866,10
15867,12
15868,9
15869,4
15870,6
15871,11
15872,11
15873,6
15874,10
15875,9
15876,3
15877,6
15878,8
15879,9
15880,13
15881,11
15882,13
15883,19
15884,9
15885,9
15886,9
15887,9
15888,6
15889,17
15890,6
15891,12
15892,10
15893,10
15894,6
15895,10
15896,9
15897,12
15898,12
15899,8
15900,11
15901,10
15902,10
15903,9
15904,8
15905,9
15906,9
15907,8
15908,5
15909,7
15910,10
15911,9
15912,11
15913,10
15914,12
15915,6
15916,11
15917,11
15918,9
15919,12
15920,10
15921,7
15922,9
15923,9
15924,11
15925,10
15926,9
15927,9
15928,7
15929,13
15930,10
15931,9
15932,6
15933,12
15934,9
15935,7
15936,10
15937,12
15938,14
15939,9
15940,10
15941,7
15942,7
15943,10
15944,8
15945,9
15946,11
15947,11
15948,9
15949,8
15950,11
15951,10
15952,6
15953,10
15954,13
15955,12
15956,6
15957,7
15958,7
15959,11
15960,9
15961,9
15962,7
15963,11
15964,12
15965,9
15966,9
15967,10
15968,9
15969,7
15970,11
15971,9
15972,7
15973,8
15974,10
15975,5
15976,11
15977,7
15978,10
15979,9
15980,10
15981,8
15982,12
15983,12
15984,12
15985,10
15986,9
15987,11
15988,10
15989,10
15990,12
15991,9
15992,8
15993,7
15994,10
15995,15
15996,18
15997,8
15998,13
15999,8
16000,12
16001,12
16002,10
16003,9
16004,9
16005,11
16006,7
16007,8
16008,12
16009,9
16010,8
16011,13
16012,6
16013,5
16014,12
16015,7
16016,10
16017,10
16018,8
16019,7
16020,8
16021,9
16022,12
16023,10
16024,9
16025,4
16026,9
16027,12
16028,9
16029,11
16030,10
16031,10
16032,6
16033,10
16034,5
16035,14
16036,9
16037,13
16038,11
16039,6
16040,7
16041,8
16042,11
16043,9
16044,7
16045,9
16046,7
16047,12
16048,7
16049,8
16050,5
16051,6
16052,11
16053,8
16054,6
16055,7
16056,8
16057,11
16058,12
16059,6
16060,7
16061,8
16062,7
16063,5
16064,12
16065,8
16066,23
16067,10
16068,4
16069,9
16070,8
16071,12
16072,5
16073,10
16074,12
16075,10
16076,8
16077,10
16078,7
16079,8
16080,8
16081,11
16082,8
16083,6
16084,10
16085,5
16086,9
16087,8
16088,12
16089,11
16090,5
16091,11
16092,10
16093,14
16094,5
16095,12
16096,9
16097,11
16098,6
16099,6
16100,9
16101,6
16102,6
16103,10
16104,6
16105,8
16106,10
16107,10
16108,5
16109,10
16110,9
16111,11
16112,11
16113,8
16114,13
16115,4
16116,15
16117,10
16118,9
16119,4
16120,10
16121,11
16122,7
16123,12
16124,9
16125,9
16126,8
16127,9
16128,8
16129,12
16130,12
16131,12
16132,11
16133,11
16134,6
16135,5
16136,7
16137,8
16138,11
16139,11
16140,7
16141,5
16142,11
16143,8
16144,12
16145,8
16146,12
16147,13
16148,12
16149,11
16150,11
16151,7
16152,7
16153,10
16154,13
16155,7
16156,11
16157,11
16158,9
16159,12
16160,9
16161,11
16162,8
16163,9
16164,10
16165,6
16166,11
16167,5
16168,12
16169,10
16170,7
16171,8
16172,13
16173,7
16174,3
16175,6
16176,7
16177,10
16178,16
16179,7
16180,10
16181,11
16182,10
16183,9
16184,3
16185,9
16186,11
16187,14
16188,10
16189,7
16190,5
16191,12
16192,5
16193,10
16194,8
16195,12
16196,8
16197,13
16198,4
16199,11
16200,11
16201,7
16202,11
16203,10
16204,7
16205,8
16206,5
16207,8
16208,10
16209,9
16210,5
16211,10
16212,12
16213,7
16214,12
16215,9
16216,8
16217,13
16218,9
16219,11
16220,12
16221,7
16222,9
16223,8
16224,8
16225,11
16226,11
16227,8
16228,7
16229,11
16230,9
16231,11
16232,8
16233,11
16234,14
16235,9
16236,11
16237,7
16238,6
16239,10
16240,5
16241,9
16242,12
16243,9
16244,7
16245,7
16246,7
16247,13
16248,9
16249,12
16250,10
16251,15
16252,11
16253,15
16254,10
16255,12
16256,13
16257,10
16258,7
16259,16
16260,10
16261,10
16262,11
16263,12
16264,6
16265,8
16266,9
16267,3
16268,7
16269,9
16270,6
16271,9
16272,7
16273,11
16274,10
16275,11
16276,10
16277,10
16278,7
16279,9
16280,9
16281,4
16282,12
16283,10
16284,8
16285,11
16286,9
16287,9
16288,5
16289,12
16290,10
16291,11
16292,12
16293,8
16294,6
16295,11
16296,18
16297,6
16298,9
16299,9
16300,10
16301,10
16302,11
16303,8
16304,10
16305,9
16306,9
16307,7
16308,17
16309,3
16310,6
16311,10
16312,8
16313,5
16314,7
16315,9
16316,6
16317,9
16318,10
16319,6
16320,13
16321,10
16322,8
16323,9
16324,8
16325,11
16326,9
16327,3
16328,6
16329,10
16330,8
16331,13
16332,8
16333,10
16334,11
16335,9
16336,5
16337,10
16338,7
16339,13
16340,12
16341,10
16342,8
16343,8
16344,6
16345,6
16346,10
16347,9
16348,12
16349,12
16350,8
16351,11
16352,10
16353,10
16354,14
16355,9
16356,11
16357,8
16358,8
16359,11
16360,10
16361,10
16362,11
16363,10
16364,10
16365,5
16366,8
16367,10
16368,11
16369,10
16370,6
16371,13
16372,9
16373,12
16374,11
16375,6
16376,5
16377,12
16378,10
16379,4
16380,11
16381,8
16382,14
16383,13
16384,10
16385,10
16386,9
16387,11
16388,11
16389,8
16390,11
16391,12
16392,9
16393,10
16394,9
16395,10
16396,13
16397,12
16398,9
16399,12
16400,9
16401,11
16402,3
16403,9
16404,12
16405,4
16406,8
16407,10
16408,9
16409,11
16410,11
16411,11
16412,6
16413,10
16414,8
16415,14
16416,6
16417,11
16418,7
16419,11
16420,10
16421,6
16422,13
16423,12
16424,9
16425,10
16426,8
16427,9
16428,3
16429,5
16430,13
16431,11
16432,12
16433,11
16434,10
16435,8
16436,8
16437,13
16438,6
16439,10
16440,6
16441,9
16442,10
16443,13
16444,9
16445,10
16446,7
16447,4
16448,6
16449,9
16450,13
16451,12
16452,9
16453,12
16454,8
16455,7
16456,13
16457,9
16458,10
16459,7
16460,7
16461,7
16462,15
16463,13
16464,10
16465,10
16466,7
16467,14
16468,11
16469,12
16470,7
16471,9
16472,9
16473,14
16474,10
16475,15
16476,6
16477,10
16478,9
16479,10
16480,8
16481,6
16482,8
16483,11
16484,7
16485,8
16486,11
16487,14
16488,9
16489,12
16490,8
16491,10
16492,7
16493,13
16494,13
16495,11
16496,8
16497,7
16498,12
16499,10
16500,12
16501,13
16502,8
16503,9
16504,10
16505,11
16506,11
16507,11
16508,8
16509,13
16510,9
16511,5
16512,9
16513,7
16514,12
16515,9
16516,11
16517,13
16518,6
16519,19
16520,13
16521,10
16522,11
16523,10
16524,12
16525,6
16526,9
16527,11
16528,4
16529,11
16530,15
16531,12
16532,5
16533,9
16534,10
16535,5
16536,6
16537,10
16538,10
16539,11
16540,9
16541,12
16542,7
16543,6
16544,7
16545,11
16546,11
16547,9
16548,12
16549,8
16550,14
16551,6
16552,17
16553,9
16554,15
16555,10
16556,8
16557,9
16558,7
16559,9
16560,12
16561,7
16562,14
16563,10
16564,6
16565,18
16566,7
16567,11
16568,15
16569,10
16570,9
16571,9
16572,10
16573,12
16574,11
16575,11
16576,3
16577,8
16578,12
16579,11
16580,13
16581,12
16582,10
16583,13
16584,4
16585,10
16586,15
16587,10
16588,7
16589,12
16590,10
16591,5
16592,13
16593,10
16594,15
16595,11
16596,12
16597,10
16598,7
16599,8
16600,10
16601,8
16602,7
16603,10
16604,9
16605,8
16606,10
16607,6
16608,8
16609,9
16610,7
16611,8
16612,11
16613,9
16614,7
16615,11
16616,9
16617,10
16618,13
16619,7
16620,10
16621,8
16622,11
16623,10
16624,7
16625,11
16626,6
16627,10
16628,7
16629,10
16630,9
16631,11
16632,10
16633,11
16634,8
16635,6
16636,6
16637,6
16638,4
16639,6
16640,12
16641,3
16642,9
16643,6
16644,9
16645,8
16646,13
16647,5
16648,9
16649,8
16650,10
16651,7
16652,9
16653,9
16654,12
16655,14
16656,9
16657,10
16658,13
16659,9
16660,8
16661,10
16662,15
16663,12
16664,12
16665,10
16666,10
16667,10
16668,8
16669,11
16670,10
16671,11
16672,8
16673,6
16674,11
16675,9
16676,9
16677,9
16678,6
16679,10
16680,10
16681,18
16682,8
16683,11
16684,3
16685,11
16686,9
16687,11
16688,3
16689,7
16690,11
16691,6
16692,10
16693,8
16694,13
16695,7
16696,10
16697,6
16698,8
16699,10
16700,11
16701,13
16702,10
16703,8
16704,5
16705,5
16706,7
16707,13
16708,12
16709,10
16710,3
16711,6
16712,8
16713,5
16714,7
16715,9
16716,9
16717,7
16718,10
16719,10
16720,10
16721,5
16722,11
16723,9
16724,7
16725,9
16726,12
16727,3
16728,8
16729,10
16730,11
16731,10
16732,11
16733,11
16734,7
16735,9
16736,11
16737,8
16738,10
16739,5
16740,8
16741,12
16742,10
16743,9
16744,9
16745,11
16746,9
16747,11
16748,9
16749,10
16750,9
16751,5
16752,11
16753,11
16754,9
16755,9
16756,10
16757,5
16758,11
16759,6
16760,11
16761,11
16762,9
16763,11
16764,10
16765,11
16766,17
16767,7
16768,13
16769,5
16770,9
16771,13
16772,8
16773,5
16774,8
16775,13
16776,12
16777,7
16778,12
16779,14
16780,11
16781,10
16782,12
16783,9
16784,6
16785,7
16786,12
16787,9
16788,12
16789,9
16790,9
16791,8
16792,12
16793,12
16794,7
16795,10
16796,11
16797,9
16798,5
16799,13
16800,9
16801,10
16802,16
16803,8
16804,17
16805,8
16806,6
16807,14
16808,5
16809,14
16810,10
16811,8
16812,12
16813,5
16814,10
16815,10
16816,10
16817,9
16818,11
16819,5
16820,10
16821,8
16822,11
16823,14
16824,11
16825,6
16826,7
16827,14
16828,12
16829,9
16830,12
16831,8
16832,8
16833,8
16834,9
16835,4
16836,10
16837,6
16838,8
16839,7
16840,10
16841,6
16842,16
16843,8
16844,8
16845,12
16846,10
16847,9
16848,15
16849,3
16850,9
16851,11
16852,9
16853,8
16854,15
16855,10
16856,9
16857,6
16858,7
16859,11
16860,8
16861,13
16862,8
16863,11
16864,13
16865,10
16866,7
16867,10
16868,7
16869,9
16870,11
16871,5
16872,8
16873,11
16874,9
16875,9
16876,9
16877,14
16878,9
16879,9
16880,10
16881,21
16882,14
16883,17
16884,3
16885,9
16886,13
16887,10
16888,7
16889,11
16890,5
16891,5
16892,5
16893,8
16894,13
16895,10
16896,7
16897,7
16898,5
16899,11
16900,10
16901,7
16902,6
16903,10
16904,9
16905,12
16906,12
16907,6
16908,9
16909,9
16910,9
16911,10
16912,15
16913,12
16914,6
16915,9
16916,6
16917,7
16918,10
16919,14
16920,8
16921,9
16922,8
16923,11
16924,10
16925,11
16926,5
16927,7
16928,10
16929,7
16930,7
16931,8
16932,8
16933,5
16934,12
16935,11
16936,8
16937,8
16938,12
16939,18
16940,8
16941,11
16942,11
16943,9
16944,7
16945,6
16946,11
16947,10
16948,8
16949,12
16950,5
16951,11
16952,10
16953,10
16954,10
16955,12
16956,12
16957,9
16958,4
16959,14
16960,9
16961,6
16962,9
16963,6
16964,7
16965,6
16966,11
16967,11
16968,4
16969,11
16970,10
16971,9
16972,10
16973,10
16974,5
16975,3
16976,11
16977,11
16978,8
16979,11
16980,8
16981,4
16982,16
16983,12
16984,10
16985,8
16986,9
16987,8
16988,9
16989,10
16990,8
16991,11
16992,9
16993,11
16994,6
16995,14
16996,11
16997,8
16998,6
16999,10
17000,9
17001,10
17002,7
17003,11
17004,4
17005,9
17006,5
17007,6
17008,11
17009,13
17010,10
17011,10
17012,7
17013,7
17014,11
17015,12
17016,8
17017,10
17018,10
17019,10
17020,10
17021,8
17022,9
17023,8
17024,8
17025,7
17026,8
17027,14
17028,6
17029,9
17030,9
17031,9
17032,6
17033,9
17034,9
17035,9
17036,10
17037,9
17038,11
17039,8
17040,10
17041,3
17042,11
17043,7
17044,10
17045,11
17046,10
17047,9
17048,8
17049,10
17050,11
17051,8
17052,10
17053,10
17054,9
17055,10
17056,4
17057,11
17058,10
17059,9
17060,7
17061,10
17062,9
17063,12
17064,9
17065,10
17066,6
17067,12
17068,9
17069,11
17070,9
17071,10
17072,11
17073,10
17074,13
17075,9
17076,17
17077,11
17078,5
17079,10
17080,11
17081,10
17082,10
17083,11
17084,10
17085,8
17086,9
17087,6
17088,10
17089,10
17090,7
17091,11
17092,11
17093,11
17094,10
17095,4
17096,10
17097,9
17098,10
17099,10
17100,8
17101,9
17102,9
17103,8
17104,8
17105,9
17106,9
17107,11
17108,8
17109,7
17110,10
17111,12
17112,5
17113,5
17114,3
17115,12
17116,18
17117,9
17118,7
17119,15
17120,10
17121,8
17122,13
17123,11
17124,9
17125,13
17126,12
17127,8
17128,9
17129,9
17130,6
17131,9
17132,5
17133,6
17134,9
17135,7
17136,8
17137,9
17138,5
17139,12
17140,9
17141,10
17142,8
17143,10
17144,12
17145,15
17146,6
17147,7
17148,5
17149,10
17150,8
17151,10
17152,11
17153,7
17154,12
17155,12
17156,7
17157,11
17158,11
17159,12
17160,9
17161,8
17162,8
17163,10
17164,6
17165,10
17166,11
17167,14
17168,10
17169,9
17170,10
17171,8
17172,7
17173,10
17174,11
17175,9
17176,12
17177,7
17178,11
17179,8
17180,11
17181,9
17182,11
17183,11
17184,11
17185,7
17186,14
17187,8
17188,10
17189,5
17190,10
17191,21
17192,7
17193,10
17194,10
17195,10
17196,10
17197,6
17198,8
17199,8
17200,11
17201,20
17202,17
17203,10
17204,10
17205,6
17206,10
17207,6
17208,14
17209,12
17210,8
17211,9
17212,11
17213,7
17214,9
17215,10
17216,10
17217,9
17218,14
17219,11
17220,14
17221,6
17222,5
17223,10
17224,6
17225,10
17226,9
17227,11
17228,8
17229,8
17230,7
17231,9
17232,14
17233,13
17234,5
17235,13
17236,9
17237,12
17238,11
17239,11
17240,7
17241,8
17242,8
17243,9
17244,6
17245,11
17246,11
17247,11
17248,11
17249,9
17250,9
17251,7
17252,11
17253,10
17254,9
17255,8
17256,8
17257,11
17258,11
17259,10
17260,3
17261,9
17262,10
17263,14
17264,8
17265,14
17266,8
17267,6
17268,9
17269,12
17270,9
17271,8
17272,10
17273,14
17274,6
17275,12
17276,9
17277,12
17278,9
17279,15
17280,9
17281,9
17282,11
17283,6
17284,10
17285,11
17286,8
17287,6
17288,12
17289,6
17290,8
17291,7
17292,8
17293,8
17294,9
17295,11
17296,13
17297,10
17298,7
17299,6
17300,11
17301,4
17302,8
17303,9
17304,10
17305,9
17306,9
17307,18
17308,9
17309,10
17310,11
17311,11
17312,14
17313,9
17314,12
17315,10
17316,6
17317,10
17318,12
17319,14
17320,5
17321,13
17322,11
17323,8
17324,15
17325,8
17326,4
17327,8
17328,13
17329,11
17330,11
17331,10
17332,3
17333,14
17334,11
17335,7
17336,10
17337,8
17338,7
17339,10
17340,4
17341,15
17342,6
17343,12
17344,9
17345,18
17346,12
17347,9
17348,7
17349,10
17350,10
17351,8
17352,12
17353,5
17354,12
17355,9
17356,10
17357,12
17358,9
17359,10
17360,15
17361,9
17362,10
17363,9
17364,11
17365,10
17366,14
17367,5
17368,5
17369,10
17370,12
17371,10
17372,10
17373,8
17374,7
17375,10
17376,12
17377,9
17378,13
17379,12
17380,11
17381,10
17382,8
17383,12
17384,14
17385,10
17386,10
17387,10
17388,11
17389,11
17390,6
17391,7
17392,11
17393,11
17394,8
17395,10
17396,12
17397,6
17398,12
17399,10
17400,9
17401,11
17402,7
17403,8
17404,9
17405,10
17406,12
17407,8
17408,9
17409,8
17410,12
17411,10
17412,5
17413,9
17414,6
17415,13
17416,6
17417,11
17418,12
17419,9
17420,8
17421,10
17422,11
17423,12
17424,5
17425,9
17426,10
17427,10
17428,8
17429,8
17430,5
17431,10
17432,8
17433,10
17434,10
17435,6
17436,12
17437,10
17438,5
17439,11
17440,6
17441,5
17442,8
17443,8
17444,8
17445,10
17446,8
17447,14
17448,10
17449,8
17450,11
17451,11
17452,11
17453,8
17454,12
17455,11
17456,8
17457,9
17458,10
17459,10
17460,5
17461,9
17462,11
17463,12
17464,11
17465,6
17466,4
17467,8
17468,11
17469,11
17470,10
17471,18
17472,7
17473,11
17474,12
17475,7
17476,5
17477,11
17478,17
17479,10
17480,5
17481,13
17482,8
17483,7
17484,7
17485,9
17486,9
17487,12
17488,9
17489,8
17490,10
17491,9
17492,10
17493,8
17494,10
17495,10
17496,8
17497,6
17498,7
17499,8
17500,10
17501,5
17502,10
17503,11
17504,14
17505,7
17506,11
17507,10
17508,10
17509,11
17510,11
17511,7
17512,6
17513,12
17514,10
17515,10
17516,15
17517,4
17518,9
17519,15
17520,6
17521,10
17522,14
17523,7
17524,8
17525,8
17526,12
17527,12
17528,9
17529,10
17530,10
17531,9
17532,9
17533,7
17534,12
17535,11
17536,6
17537,20
17538,14
17539,9
17540,12
17541,8
17542,11
17543,11
17544,10
17545,6
17546,7
17547,10
17548,7
17549,10
17550,9
17551,11
17552,14
17553,10
17554,11
17555,13
17556,10
17557,11
17558,4
17559,14
17560,12
17561,7
17562,10
17563,10
17564,12
17565,15
17566,7
17567,9
17568,9
17569,6
17570,10
17571,11
17572,18
17573,9
17574,7
17575,6
17576,6
17577,9
17578,13
17579,10
17580,12
17581,8
17582,11
17583,11
17584,9
17585,11
17586,9
17587,7
17588,10
17589,7
17590,9
17591,8
17592,11
17593,6
17594,7
17595,10
17596,4
17597,10
17598,11
17599,5
17600,9
17601,6
17602,4
17603,9
17604,11
17605,12
17606,7
17607,9
17608,12
17609,8
17610,9
17611,8
17612,12
17613,5
17614,10
17615,17
17616,13
17617,11
17618,11
17619,12
17620,8
17621,12
17622,11
17623,7
17624,10
17625,6
17626,6
17627,6
17628,9
17629,10
17630,9
17631,6
17632,5
17633,9
17634,7
17635,10
17636,8
17637,4
17638,8
17639,12
17640,4
17641,9
17642,8
17643,13
17644,9
17645,12
17646,17
17647,5
17648,11
17649,9
17650,3
17651,11
17652,5
17653,13
17654,7
17655,11
17656,10
17657,8
17658,9
17659,11
17660,7
17661,11
17662,9
17663,8
17664,5
17665,8
17666,7
17667,9
17668,6
17669,12
17670,10
17671,8
17672,9
17673,5
17674,10
17675,11
17676,12
17677,7
17678,8
17679,7
17680,6
17681,12
17682,9
17683,10
17684,12
17685,12
17686,8
17687,4
17688,7
17689,7
17690,10
17691,6
17692,12
17693,9
17694,15
17695,7
17696,10
17697,11
17698,10
17699,8
17700,8
17701,9
17702,7
17703,6
17704,11
17705,8
17706,11
17707,7
17708,9
17709,14
17710,8
17711,10
17712,8
17713,9
17714,6
17715,10
17716,9
17717,6
17718,11
17719,8
17720,11
17721,7
17722,7
17723,6
17724,11
17725,16
17726,15
17727,10
17728,9
17729,11
17730,14
17731,11
17732,9
17733,13
17734,11
17735,13
17736,9
17737,10
17738,10
17739,14
17740,10
17741,11
17742,7
17743,11
17744,11
17745,14
17746,7
17747,9
17748,6
17749,11
17750,10
17751,10
17752,10
17753,9
17754,11
17755,11
17756,13
17757,11
17758,10
17759,6
17760,10
17761,4
17762,11
17763,10
17764,10
17765,13
17766,6
17767,6
17768,15
17769,7
17770,11
17771,10
17772,11
17773,8
17774,10
17775,9
17776,8
17777,12
17778,12
17779,8
17780,7
17781,8
17782,8
17783,6
17784,8
17785,11
17786,11
17787,7
17788,9
17789,7
17790,12
17791,7
17792,9
17793,8
17794,16
17795,7
17796,8
17797,11
17798,7
17799,9
17800,8
17801,15
17802,8
17803,8
17804,9
17805,10
17806,10
17807,14
17808,11
17809,11
17810,4
17811,11
17812,11
17813,10
17814,9
17815,12
17816,13
17817,5
17818,6
17819,10
17820,6
17821,11
17822,11
17823,9
17824,5
17825,9
17826,15
17827,4
17828,5
17829,6
17830,10
17831,10
17832,10
17833,11
17834,15
17835,4
17836,8
17837,11
17838,9
17839,5
17840,19
17841,8
17842,11
17843,7
17844,7
17845,10
17846,9
17847,9
17848,12
17849,6
17850,8
17851,8
17852,13
17853,9
17854,11
17855,11
17856,14
17857,6
17858,10
17859,10
17860,3
17861,8
17862,8
17863,9
17864,7
17865,11
17866,19
17867,10
17868,6
17869,6
17870,10
17871,7
17872,12
17873,11
17874,11
17875,14
17876,12
17877,12
17878,9
17879,8
17880,7
17881,15
17882,8
17883,9
17884,14
17885,12
17886,10
17887,11
17888,5
17889,10
17890,5
17891,9
17892,12
17893,11
17894,7
17895,9
17896,19
17897,6
17898,7
17899,8
17900,11
17901,8
17902,11
17903,12
17904,6
17905,11
17906,12
17907,11
17908,13
17909,10
17910,8
17911,8
17912,12
17913,11
17914,10
17915,9
17916,8
17917,12
17918,11
17919,15
17920,7
17921,6
17922,5
17923,4
17924,9
17925,7
17926,9
17927,10
17928,10
17929,9
17930,8
17931,9
17932,12
17933,9
17934,12
17935,10
17936,13
17937,12
17938,7
17939,6
17940,7
17941,11
17942,6
17943,9
17944,4
17945,9
17946,11
17947,10
17948,6
17949,13
17950,11
17951,12
17952,10
17953,6
17954,6
17955,9
17956,12
17957,6
17958,11
17959,4
17960,9
17961,8
17962,8
17963,7
17964,11
17965,10
17966,8
17967,6
17968,9
17969,7
17970,8
17971,9
17972,9
17973,11
17974,9
17975,11
17976,9
17977,11
17978,6
17979,11
17980,8
17981,12
17982,10
17983,14
17984,10
17985,10
17986,12
17987,9
17988,7
17989,10
17990,8
17991,12
17992,9
17993,11
17994,15
17995,11
17996,6
17997,6
17998,10
17999,11
18000,10
18001,8
18002,13
18003,5
18004,6
18005,9
18006,13
18007,9
18008,8
18009,10
18010,9
18011,7
18012,10
18013,13
18014,14
18015,12
18016,11
18017,7
18018,3
18019,11
18020,9
18021,10
18022,14
18023,9
18024,10
18025,8
18026,11
18027,10
18028,16
18029,11
18030,9
18031,10
18032,10
18033,8
18034,10
18035,8
18036,13
18037,8
18038,9
18039,5
18040,11
18041,11
18042,10
18043,9
18044,8
18045,10
18046,5
18047,10
18048,8
18049,9
18050,5
18051,10
18052,9
18053,10
18054,9
18055,15
18056,10
18057,8
18058,14
18059,12
18060,8
18061,6
18062,8
18063,11
18064,6
18065,7
18066,15
18067,9
18068,10
18069,4
18070,9
18071,10
18072,9
18073,7
18074,18
18075,9
18076,8
18077,12
18078,11
18079,4
18080,7
18081,6
18082,12
18083,9
18084,9
18085,16
18086,12
18087,10
18088,11
18089,7
18090,13
18091,8
18092,5
18093,6
18094,10
18095,10
18096,11
18097,5
18098,6
18099,6
18100,13
18101,9
18102,7
18103,10
18104,11
18105,5
18106,20
18107,6
18108,6
18109,11
18110,8
18111,12
18112,10
18113,9
18114,11
18115,8
18116,6
18117,12
18118,12
18119,6
18120,8
18121,7
18122,9
18123,10
18124,10
18125,5
18126,8
18127,9
18128,6
18129,10
18130,8
18131,10
18132,10
18133,7
18134,7
18135,9
18136,6
18137,10
18138,11
18139,10
18140,16
18141,9
18142,8
18143,7
18144,13
18145,8
18146,11
18147,12
18148,7
18149,7
18150,10
18151,10
18152,14
18153,10
18154,7
18155,7
18156,9
18157,9
18158,7
18159,10
18160,7
18161,10
18162,9
18163,8
18164,6
18165,7
18166,7
18167,5
18168,10
18169,13
18170,6
18171,11
18172,4
18173,9
18174,6
18175,8
18176,9
18177,8
18178,6
18179,11
18180,8
18181,6
18182,11
18183,11
18184,12
18185,9
18186,10
18187,10
18188,13
18189,8
18190,6
18191,4
18192,10
18193,10
18194,6
18195,13
18196,10
18197,9
18198,12
18199,11
18200,7
18201,12
18202,4
18203,6
18204,11
18205,7
18206,10
18207,9
18208,10
18209,7
18210,7
18211,8
18212,13
18213,10
18214,15
18215,11
18216,9
18217,10
18218,4
18219,6
18220,10
18221,10
18222,5
18223,9
18224,9
18225,6
18226,12
18227,10
18228,9
18229,6
18230,7
18231,9
18232,10
18233,5
18234,11
18235,7
18236,13
18237,12
18238,5
18239,13
18240,10
18241,11
18242,6
18243,10
18244,13
18245,12
18246,8
18247,10
18248,13
18249,5
18250,6
18251,10
18252,10
18253,11
18254,5
18255,8
18256,6
18257,13
18258,8
18259,6
18260,15
18261,10
18262,7
18263,10
18264,12
18265,9
18266,13
18267,8
18268,14
18269,16
18270,10
18271,18
18272,12
18273,5
18274,8
18275,8
18276,10
18277,18
18278,11
18279,8
18280,9
18281,8
18282,10
18283,9
18284,4
18285,7
18286,8
18287,12
18288,10
18289,7
18290,9
18291,9
18292,7
18293,10
18294,7
18295,11
18296,14
18297,6
18298,13
18299,9
18300,11
18301,12
18302,10
18303,7
18304,14
18305,10
18306,9
18307,6
18308,9
18309,6
18310,11
18311,6
18312,11
18313,8
18314,12
18315,10
18316,6
18317,12
18318,11
18319,10
18320,11
18321,5
18322,9
18323,19
18324,10
18325,11
18326,9
18327,11
18328,9
18329,13
18330,5
18331,6
18332,6
18333,8
18334,5
18335,8
18336,8
18337,9
18338,7
18339,7
18340,12
18341,7
18342,8
18343,9
18344,9
18345,6
18346,12
18347,7
18348,6
18349,19
18350,6
18351,16
18352,9
18353,6
18354,11
18355,7
18356,9
18357,11
18358,7
18359,11
18360,8
18361,14
18362,9
18363,11
18364,8
18365,8
18366,6
18367,10
18368,8
18369,10
18370,8
18371,6
18372,14
18373,12
18374,14
18375,11
18376,11
18377,11
18378,13
18379,9
18380,6
18381,13
18382,10
18383,9
18384,10
18385,11
18386,6
18387,8
18388,5
18389,9
18390,6
18391,14
18392,9
18393,8
18394,11
18395,8
18396,10
18397,11
18398,15
18399,6
18400,6
18401,9
18402,10
18403,5
18404,12
18405,10
18406,10
18407,6
18408,11
18409,7
18410,7
18411,15
18412,13
18413,16
18414,12
18415,8
18416,9
18417,11
18418,7
18419,9
18420,10
18421,16
18422,11
18423,13
18424,8
18425,7
18426,7
18427,11
18428,7
18429,9
18430,8
18431,10
18432,9
18433,11
18434,11
18435,8
18436,7
18437,11
18438,6
18439,14
18440,4
18441,9
18442,11
18443,12
18444,9
18445,12
18446,11
18447,10
18448,12
18449,4
18450,10
18451,10
18452,11
18453,11
18454,6
18455,4
18456,10
18457,9
18458,11
18459,13
18460,10
18461,11
18462,11
18463,12
18464,10
18465,11
18466,4
18467,9
18468,9
18469,6
18470,11
18471,9
18472,12
18473,10
18474,9
18475,5
18476,8
18477,9
18478,10
18479,8
18480,8
18481,5
18482,6
18483,12
18484,11
18485,8
18486,12
18487,11
18488,9
18489,10
18490,7
18491,11
18492,14
18493,12
18494,6
18495,9
18496,9
18497,9
18498,7
18499,6
18500,7
18501,8
18502,14
18503,7
18504,7
18505,6
18506,15
18507,7
18508,8
18509,12
18510,10
18511,10
18512,10
18513,16
18514,6
18515,9
18516,9
18517,8
18518,10
18519,11
18520,10
18521,10
18522,8
18523,10
18524,7
18525,9
18526,15
18527,9
18528,4
18529,6
18530,8
18531,5
18532,13
18533,6
18534,8
18535,7
18536,8
18537,10
18538,12
18539,12
18540,7
18541,10
18542,8
18543,5
18544,10
18545,6
18546,9
18547,9
18548,4
18549,10
18550,8
18551,8
18552,10
18553,12
18554,7
18555,9
18556,6
18557,12
18558,11
18559,10
18560,10
18561,11
18562,10
18563,9
18564,6
18565,4
18566,7
18567,9
18568,12
18569,11
18570,11
18571,8
18572,5
18573,15
18574,9
18575,13
18576,9
18577,11
18578,5
18579,10
18580,7
18581,11
18582,9
18583,16
18584,9
18585,7
18586,9
18587,9
18588,8
18589,12
18590,10
18591,7
18592,6
18593,8
18594,13
18595,13
18596,12
18597,16
18598,4
18599,8
18600,9
18601,7
18602,11
18603,10
18604,10
18605,10
18606,11
18607,7
18608,9
18609,9
18610,10
18611,12
18612,10
18613,9
18614,10
18615,10
18616,5
18617,7
18618,8
18619,10
18620,6
18621,14
18622,13
18623,9
18624,6
18625,4
18626,4
18627,6
18628,12
18629,7
18630,8
18631,11
18632,9
18633,10
18634,13
18635,6
18636,10
18637,8
18638,10
18639,8
18640,10
18641,11
18642,10
18643,8
18644,8
18645,8
18646,5
18647,9
18648,11
18649,8
18650,8
18651,8
18652,9
18653,7
18654,5
18655,12
18656,11
18657,10
18658,13
18659,10
18660,5
18661,11
18662,6
18663,10
18664,16
18665,10
18666,9
18667,7
18668,8
18669,14
18670,6
18671,10
18672,11
18673,14
18674,8
18675,4
18676,9
18677,10
18678,4
18679,7
18680,11
18681,8
18682,10
18683,9
18684,7
18685,13
18686,9
18687,4
18688,7
18689,11
18690,9
18691,6
18692,9
18693,11
18694,9
18695,11
18696,9
18697,10
18698,8
18699,7
18700,8
18701,12
18702,13
18703,12
18704,5
18705,17
18706,10
18707,12
18708,9
18709,9
18710,5
18711,11
18712,11
18713,11
18714,7
18715,12
18716,10
18717,6
18718,16
18719,12
18720,13
18721,10
18722,6
18723,7
18724,10
18725,6
18726,7
18727,10
18728,12
18729,9
18730,7
18731,6
18732,16
18733,5
18734,8
18735,7
18736,11
18737,12
18738,14
18739,9
18740,6
18741,5
18742,17
18743,9
18744,8
18745,10
18746,10
18747,9
18748,10
18749,10
18750,9
18751,9
18752,7
18753,7
18754,10
18755,9
18756,11
18757,13
18758,4
18759,12
18760,10
18761,13
18762,9
18763,13
18764,11
18765,9
18766,11
18767,5
18768,9
18769,11
18770,10
18771,6
18772,9
18773,8
18774,8
18775,9
18776,7
18777,8
18778,8
18779,17
18780,12
18781,9
18782,11
18783,11
18784,7
18785,11
18786,9
18787,9
18788,15
18789,8
18790,14
18791,11
18792,11
18793,11
18794,13
18795,14
18796,10
18797,5
18798,9
18799,8
18800,9
18801,8
18802,9
18803,10
18804,10
18805,12
18806,11
18807,9
18808,8
18809,5
18810,7
18811,12
18812,5
18813,10
18814,10
18815,10
18816,12
18817,6
18818,6
18819,14
18820,9
18821,16
18822,11
18823,7
18824,12
18825,8
18826,7
18827,6
18828,8
18829,7
18830,7
18831,5
18832,8
18833,6
18834,17
18835,7
18836,6
18837,10
18838,7
18839,14
18840,11
18841,10
18842,9
18843,10
18844,6
18845,6
18846,10
18847,8
18848,17
18849,11
18850,9
18851,11
18852,7
18853,10
18854,10
18855,6
18856,6
18857,12
18858,7
18859,9
18860,6
18861,12
18862,9
18863,8
18864,14
18865,12
18866,10
18867,12
18868,10
18869,10
18870,10
18871,11
18872,9
18873,10
18874,10
18875,12
18876,13
18877,10
18878,10
18879,9
18880,11
18881,10
18882,5
18883,8
18884,6
18885,8
18886,12
18887,7
18888,15
18889,12
18890,10
18891,9
18892,9
18893,9
18894,14
18895,8
18896,9
18897,13
18898,12
18899,11
18900,10
18901,13
18902,10
18903,9
18904,7
18905,5
18906,10
18907,11
18908,4
18909,7
18910,6
18911,6
18912,11
18913,12
18914,4
18915,13
18916,12
18917,6
18918,8
18919,10
18920,16
18921,10
18922,10
18923,9
18924,6
18925,6
18926,20
18927,9
18928,3
18929,12
18930,7
18931,8
18932,11
18933,12
18934,7
18935,9
18936,14
18937,17
18938,11
18939,13
18940,8
18941,10
18942,9
18943,18
18944,11
18945,9
18946,15
18947,3
18948,12
18949,13
18950,11
18951,11
18952,9
18953,10
18954,10
18955,8
18956,7
18957,8
18958,8
18959,4
18960,15
18961,7
18962,18
18963,7
18964,10
18965,6
18966,7
18967,10
18968,13
18969,12
18970,10
18971,9
18972,5
18973,5
18974,7
18975,8
18976,10
18977,11
18978,4
18979,10
18980,6
18981,12
18982,8
18983,8
18984,6
18985,9
18986,6
18987,12
18988,10
18989,6
18990,10
18991,9
18992,8
18993,5
18994,10
18995,7
18996,8
18997,5
18998,9
18999,7
19000,6
19001,8
19002,10
19003,10
19004,12
19005,7
19006,9
19007,10
19008,11
19009,10
19010,5
19011,10
19012,11
19013,12
19014,9
19015,6
19016,11
19017,8
19018,10
19019,12
19020,8
19021,8
19022,6
19023,7
19024,5
19025,11
19026,11
19027,16
19028,7
19029,11
19030,12
19031,14
19032,6
19033,12
19034,13
19035,7
19036,16
19037,8
19038,6
19039,11
19040,11
19041,7
19042,11
19043,12
19044,6
19045,11
19046,6
19047,10
19048,9
19049,9
19050,10
19051,9
19052,8
19053,11
19054,13
19055,8
19056,7
19057,14
19058,13
19059,4
19060,11
19061,9
19062,6
19063,11
19064,9
19065,9
19066,7
19067,9
19068,6
19069,8
19070,14
19071,9
19072,5
19073,14
19074,10
19075,9
19076,11
19077,12
19078,6
19079,5
19080,8
19081,13
19082,11
19083,13
19084,6
19085,11
19086,4
19087,12
19088,11
19089,11
19090,10
19091,12
19092,4
19093,10
19094,11
19095,10
19096,10
19097,11
19098,9
19099,10
19100,9
19101,9
19102,6
19103,10
19104,11
19105,9
19106,7
19107,9
19108,11
19109,11
19110,9
19111,5
19112,12
19113,10
19114,11
19115,10
19116,8
19117,11
19118,8
19119,6
19120,15
19121,12
19122,7
19123,9
19124,7
19125,14
19126,9
19127,8
19128,10
19129,7
19130,5
19131,17
19132,8
19133,7
19134,9
19135,4
19136,8
19137,3
19138,9
19139,13
19140,11
19141,8
19142,8
19143,6
19144,11
19145,10
19146,10
19147,9
19148,7
19149,7
19150,6
19151,11
19152,9
19153,13
19154,11
19155,12
19156,8
19157,11
19158,12
19159,12
19160,16
19161,12
19162,11
19163,10
19164,13
19165,13
19166,5
19167,6
19168,16
19169,11
19170,7
19171,19
19172,7
19173,6
19174,8
19175,4
19176,11
19177,7
19178,5
19179,10
19180,8
19181,10
19182,9
19183,11
19184,7
19185,13
19186,12
19187,7
19188,12
19189,9
19190,10
19191,10
19192,13
19193,6
19194,12
19195,14
19196,12
19197,12
19198,9
19199,8
19200,10
19201,3
19202,8
19203,15
19204,7
19205,8
19206,11
19207,11
19208,11
19209,10
19210,8
19211,14
19212,10
19213,15
19214,7
19215,6
19216,8
19217,10
19218,7
19219,10
19220,3
19221,8
19222,4
19223,7
19224,9
19225,10
19226,10
19227,3
19228,9
19229,9
19230,12
19231,9
19232,11
19233,10
19234,9
19235,7
19236,5
19237,13
19238,10
19239,10
19240,6
19241,12
19242,7
19243,11
19244,11
19245,11
19246,5
19247,11
19248,10
19249,12
19250,11
19251,9
19252,6
19253,9
19254,8
19255,8
19256,11
19257,9
19258,13
19259,10
19260,7
19261,10
19262,14
19263,9
19264,7
19265,9
19266,23
19267,8
19268,5
19269,6
19270,11
19271,5
19272,6
19273,7
19274,9
19275,15
19276,6
19277,11
19278,9
19279,11
19280,10
19281,3
19282,11
19283,6
19284,11
19285,9
19286,9
19287,5
19288,8
19289,12
19290,12
19291,9
19292,9
19293,9
19294,13
19295,14
19296,8
19297,10
19298,9
19299,6
19300,10
19301,6
19302,11
19303,11
19304,8
19305,12
19306,5
19307,10
19308,9
19309,11
19310,9
19311,10
19312,10
19313,10
19314,12
19315,12
19316,10
19317,13
19318,14
19319,7
19320,8
19321,8
19322,8
19323,10
19324,10
19325,10
19326,12
19327,8
19328,14
19329,12
19330,12
19331,15
19332,6
19333,7
19334,12
19335,6
19336,12
19337,13
19338,11
19339,9
19340,8
19341,7
19342,6
19343,8
19344,10
19345,11
19346,5
19347,7
19348,8
19349,9
19350,5
19351,6
19352,8
19353,12
19354,8
19355,11
19356,10
19357,7
19358,9
19359,6
19360,6
19361,10
19362,4
19363,10
19364,6
19365,9
19366,9
19367,7
19368,11
19369,7
19370,4
19371,9
19372,9
19373,10
19374,11
19375,6
19376,8
19377,10
19378,8
19379,5
19380,7
19381,13
19382,11
19383,13
19384,10
19385,5
19386,9
19387,8
19388,10
19389,10
19390,9
19391,7
19392,6
19393,7
19394,12
19395,12
19396,16
19397,11
19398,7
19399,11
19400,8
19401,12
19402,12
19403,16
19404,11
19405,15
19406,6
19407,9
19408,8
19409,12
19410,10
19411,6
19412,8
19413,12
19414,12
19415,8
19416,8
19417,14
19418,9
19419,8
19420,10
19421,11
19422,10
19423,10
19424,10
19425,10
19426,17
19427,11
19428,11
19429,5
19430,9
19431,8
19432,10
19433,13
19434,8
19435,11
19436,5
19437,13
19438,9
19439,11
19440,13
19441,9
19442,8
19443,12
19444,5
19445,9
19446,6
19447,8
19448,10
19449,8
19450,12
19451,13
19452,13
19453,9
19454,9
19455,8
19456,4
19457,7
19458,14
19459,10
19460,11
19461,6
19462,9
19463,8
19464,4
19465,11
19466,11
19467,9
19468,14
19469,8
19470,11
19471,7
19472,9
19473,12
19474,12
19475,10
19476,10
19477,3
19478,11
19479,9
19480,9
19481,3
19482,11
19483,10
19484,5
19485,11
19486,7
19487,10
19488,9
19489,10
19490,17
19491,8
19492,3
19493,11
19494,11
19495,10
19496,12
19497,11
19498,10
19499,11
19500,14
19501,8
19502,8
19503,13
19504,11
19505,10
19506,10
19507,9
19508,11
19509,11
19510,12
19511,7
19512,10
19513,10
19514,6
19515,8
19516,8
19517,8
19518,9
19519,9
19520,5
19521,9
19522,7
19523,7
19524,8
19525,10
19526,9
19527,12
19528,9
19529,12
19530,8
19531,9
19532,6
19533,15
19534,7
19535,7
19536,8
19537,14
19538,14
19539,8
19540,10
19541,9
19542,10
19543,8
19544,5
19545,11
19546,13
19547,7
19548,10
19549,14
19550,13
19551,14
19552,16
19553,11
19554,10
19555,11
19556,4
19557,9
19558,9
19559,9
19560,6
19561,11
19562,12
19563,5
19564,9
19565,9
19566,6
19567,10
19568,11
19569,13
19570,9
19571,8
19572,11
19573,8
19574,9
19575,12
19576,8
19577,12
19578,10
19579,8
19580,8
19581,10
19582,8
19583,10
19584,8
19585,9
19586,13
19587,9
19588,8
19589,12
19590,6
19591,10
19592,12
19593,11
19594,7
19595,5
19596,6
19597,12
19598,6
19599,8
19600,12
19601,9
19602,10
19603,11
19604,9
19605,10
19606,5
19607,6
19608,10
19609,11
19610,10
19611,14
19612,10
19613,8
19614,10
19615,8
19616,11
19617,7
19618,9
19619,8
19620,5
19621,9
19622,10
19623,11
19624,11
19625,7
19626,10
19627,8
19628,11
19629,12
19630,6
19631,9
19632,10
19633,9
19634,14
19635,8
19636,8
19637,8
19638,6
19639,6
19640,7
19641,11
19642,3
19643,9
19644,9
19645,11
19646,10
19647,9
19648,9
19649,8
19650,15
19651,8
19652,12
19653,9
19654,15
19655,11
19656,7
19657,12
19658,4
19659,7
19660,9
19661,10
19662,8
19663,11
19664,8
19665,10
19666,10
19667,12
19668,10
19669,8
19670,10
19671,10
19672,7
19673,8
19674,9
19675,11
19676,6
19677,14
19678,11
19679,13
19680,7
19681,3
19682,6
19683,12
19684,9
19685,8
19686,9
19687,11
19688,9
19689,11
19690,6
19691,5
19692,11
19693,10
19694,16
19695,9
19696,6
19697,11
19698,11
19699,10
19700,12
19701,12
19702,10
19703,6
19704,16
19705,3
19706,14
19707,12
19708,8
19709,9
19710,9
19711,8
19712,12
19713,5
19714,14
19715,7
19716,12
19717,7
19718,12
19719,9
19720,5
19721,7
19722,12
19723,6
19724,11
19725,10
19726,9
19727,13
19728,23
19729,10
19730,7
19731,5
19732,10
19733,4
19734,5
19735,10
19736,15
19737,7
19738,11
19739,13
19740,12
19741,6
19742,6
19743,9
19744,9
19745,9
19746,10
19747,12
19748,7
19749,10
19750,8
19751,8
19752,7
19753,11
19754,5
19755,6
19756,10
19757,10
19758,7
19759,11
19760,6
19761,12
19762,5
19763,5
19764,12
19765,6
19766,9
19767,9
19768,13
19769,10
19770,10
19771,9
19772,12
19773,8
19774,13
19775,5
19776,10
19777,13
19778,10
19779,9
19780,7
19781,13
19782,12
19783,8
19784,8
19785,9
19786,8
19787,10
19788,6
19789,11
19790,13
19791,7
19792,10
19793,7
19794,10
19795,10
19796,10
19797,5
19798,15
19799,10
19800,10
19801,6
19802,9
19803,6
19804,11
19805,14
19806,10
19807,7
19808,6
19809,10
19810,8
19811,8
19812,5
19813,10
19814,12
19815,10
19816,11
19817,11
19818,13
19819,12
19820,14
19821,7
19822,8
19823,13
19824,11
19825,8
19826,11
19827,12
19828,7
19829,4
19830,10
19831,10
19832,9
19833,6
19834,7
19835,14
19836,8
19837,11
19838,10
19839,11
19840,7
19841,8
19842,7
19843,14
19844,10
19845,6
19846,10
19847,13
19848,15
19849,7
19850,6
19851,10
19852,11
19853,8
19854,10
19855,7
19856,4
19857,10
19858,6
19859,9
19860,8
19861,9
19862,10
19863,12
19864,10
19865,7
19866,10
19867,10
19868,9
19869,13
19870,15
19871,10
19872,7
19873,9
19874,8
19875,9
19876,13
19877,12
19878,11
19879,10
19880,10
19881,6
19882,9
19883,7
19884,11
19885,10
19886,9
19887,8
19888,8
19889,13
19890,4
19891,12
19892,8
19893,10
19894,9
19895,17
19896,8
19897,11
19898,7
19899,5
19900,8
19901,10
19902,8
19903,9
19904,11
19905,7
19906,11
19907,8
19908,11
19909,11
19910,16
19911,11
19912,5
19913,9
19914,6
19915,13
19916,8
19917,8
19918,5
19919,14
19920,10
19921,10
19922,11
19923,14
19924,8
19925,7
19926,11
19927,10
19928,7
19929,10
19930,11
19931,9
19932,9
19933,9
19934,7
19935,8
19936,9
19937,10
19938,8
19939,6
19940,17
19941,11
19942,12
19943,13
19944,9
19945,7
19946,7
19947,10
19948,12
19949,8
19950,8
19951,13
19952,18
19953,13
19954,7
19955,12
19956,15
19957,10
19958,3
19959,14
19960,11
19961,10
19962,11
19963,6
19964,15
19965,9
19966,7
19967,15
19968,14
19969,10
19970,8
19971,7
19972,11
19973,9
19974,10
19975,6
19976,7
19977,13
19978,9
19979,6
19980,6
19981,3
19982,10
19983,4
19984,7
19985,8
19986,5
19987,10
19988,8
19989,11
19990,7
19991,10
19992,15
19993,10
19994,9
19995,9
19996,10
19997,10
19998,10
19999,14
20000,8
20001,10
20002,5
20003,9
20004,4
20005,6
20006,8
20007,11
20008,12
20009,11
20010,9
20011,7
20012,16
20013,11
20014,5
20015,12
20016,7
20017,9
20018,9
20019,13
20020,9
20021,6
20022,10
20023,11
20024,9
20025,12
20026,6
20027,8
20028,13
20029,11
20030,7
20031,11
20032,5
20033,8
20034,11
20035,8
20036,14
20037,5
20038,14
20039,13
20040,10
20041,8
20042,19
20043,13
20044,8
20045,5
20046,14
20047,15
20048,10
20049,11
20050,6
20051,8
20052,13
20053,6
20054,8
20055,8
20056,13
20057,6
20058,13
20059,8
20060,10
20061,11
20062,8
20063,9
20064,9
20065,11
20066,9
20067,11
20068,11
20069,12
20070,10
20071,9
20072,12
20073,10
20074,9
20075,8
20076,11
20077,10
20078,6
20079,7
20080,5
20081,13
20082,11
20083,10
20084,11
20085,10
20086,10
20087,8
20088,8
20089,10
20090,8
20091,10
20092,10
20093,11
20094,10
20095,10
20096,12
20097,6
20098,7
20099,11
20100,7
20101,10
20102,9
20103,6
20104,6
20105,10
20106,6
20107,9
20108,11
20109,11
20110,12
20111,15
20112,7
20113,3
20114,10
20115,10
20116,10
20117,13
20118,4
20119,8
20120,14
20121,10
20122,12
20123,9
20124,10
20125,10
20126,9
20127,10
20128,8
20129,12
20130,9
20131,9
20132,9
20133,13
20134,8
20135,10
20136,7
20137,6
20138,8
20139,8
20140,12
20141,7
20142,11
20143,7
20144,11
20145,12
20146,11
20147,8
20148,12
20149,8
20150,11
20151,12
20152,8
20153,5
20154,6
20155,14
20156,10
20157,10
20158,8
20159,12
20160,18
20161,7
20162,9
20163,10
20164,10
20165,14
20166,7
20167,19
20168,7
20169,9
20170,3
20171,9
20172,11
20173,11
20174,11
20175,7
20176,10
20177,11
20178,10
20179,17
20180,8
20181,8
20182,10
20183,6
20184,10
20185,9
20186,12
20187,11
20188,6
20189,14
20190,10
20191,10
20192,13
20193,11
20194,9
20195,5
20196,6
20197,11
20198,11
20199,6
20200,7
20201,10
20202,8
20203,12
20204,5
20205,11
20206,4
20207,14
20208,13
20209,10
20210,8
20211,6
20212,6
20213,8
20214,6
20215,7
20216,9
20217,6
20218,6
20219,10
20220,9
20221,13
20222,9
20223,10
20224,4
20225,8
20226,5
20227,6
20228,10
20229,11
20230,10
20231,9
20232,10
20233,11
20234,8
20235,11
20236,7
20237,9
20238,10
20239,12
20240,12
20241,5
20242,10
20243,7
20244,16
20245,10
20246,15
20247,11
20248,9
20249,11
20250,7
20251,9
20252,10
20253,7
20254,8
20255,10
20256,7
20257,12
20258,10
20259,8
20260,11
20261,8
20262,9
20263,9
20264,6
20265,10
20266,12
20267,5
20268,5
20269,9
20270,10
20271,5
20272,13
20273,11
20274,5
20275,11
20276,10
20277,7
20278,9
20279,12
20280,9
20281,3
20282,15
20283,8
20284,9
20285,10
20286,11
20287,4
20288,8
20289,10
20290,9
20291,8
20292,9
20293,11
20294,9
20295,5
20296,10
20297,12
20298,8
20299,11
20300,9
20301,10
20302,9
20303,9
20304,5
20305,8
20306,8
20307,11
20308,8
20309,11
20310,6
20311,11
20312,20
20313,11
20314,6
20315,10
20316,9
20317,9
20318,7
20319,9
20320,16
20321,8
20322,13
20323,12
20324,10
20325,9
20326,8
20327,8
20328,10
20329,8
20330,9
20331,8
20332,12
20333,9
20334,10
20335,7
20336,5
20337,4
20338,9
20339,10
20340,10
20341,11
20342,10
20343,8
20344,10
20345,6
20346,11
20347,13
20348,10
20349,9
20350,14
20351,12
20352,12
20353,12
20354,5
20355,8
20356,11
20357,12
20358,9
20359,9
20360,10
20361,8
20362,7
20363,7
20364,9
20365,14
20366,8
20367,9
20368,7
20369,6
20370,7
20371,11
20372,14
20373,10
20374,5
20375,11
20376,6
20377,15
20378,11
20379,11
20380,5
20381,8
20382,10
20383,8
20384,10
20385,14
20386,11
20387,5
20388,12
20389,9
20390,9
20391,7
20392,8
20393,10
20394,10
20395,10
20396,9
20397,6
20398,10
20399,9
20400,11
20401,9
20402,8
20403,10
20404,12
20405,10
20406,15
20407,9
20408,7
20409,12
20410,12
20411,9
20412,9
20413,14
20414,11
20415,8
20416,11
20417,10
20418,10
20419,10
20420,15
20421,10
20422,9
20423,11
20424,10
20425,6
20426,9
20427,6
20428,8
20429,8
20430,6
20431,11
20432,11
20433,10
20434,12
20435,9
20436,6
20437,7
20438,9
20439,10
20440,14
20441,13
20442,6
20443,9
20444,9
20445,9
20446,6
20447,5
20448,11
20449,13
20450,11
20451,11
20452,9
20453,10
20454,8
20455,11
20456,9
20457,10
20458,9
20459,14
20460,11
20461,6
20462,7
20463,11
20464,6
20465,3
20466,10
20467,8
20468,11
20469,8
20470,11
20471,7
20472,10
20473,10
20474,4
20475,10
20476,6
20477,9
20478,5
20479,8
20480,8
20481,9
20482,11
20483,14
20484,12
20485,9
20486,11
20487,7
20488,17
20489,7
20490,12
20491,8
20492,10
20493,5
20494,10
20495,7
20496,6
20497,7
20498,13
20499,12
20500,12
20501,9
20502,11
20503,10
20504,11
20505,10
20506,10
20507,8
20508,11
20509,12
20510,7
20511,6
20512,6
20513,14
20514,10
20515,8
20516,8
20517,11
20518,10
20519,12
20520,5
20521,3
20522,9
20523,11
20524,8
20525,11
20526,8
20527,7
20528,11
20529,8
20530,6
20531,9
20532,9
20533,10
20534,10
20535,11
20536,15
20537,12
20538,11
20539,11
20540,11
20541,11
20542,3
20543,10
20544,12
20545,6
20546,8
20547,13
20548,5
20549,8
20550,10
20551,17
20552,4
20553,4
20554,12
20555,13
20556,8
20557,8
20558,9
20559,12
20560,10
20561,8
20562,9
20563,11
20564,10
20565,9
20566,10
20567,10
20568,15
20569,11
20570,9
20571,7
20572,6
20573,12
20574,10
20575,9
20576,11
20577,11
20578,7
20579,9
20580,8
20581,9
20582,6
20583,8
20584,9
20585,12
20586,6
20587,13
20588,11
20589,15
20590,9
20591,15
20592,8
20593,10
20594,4
20595,11
20596,11
20597,10
20598,10
20599,5
20600,7
20601,10
20602,10
20603,11
20604,9
20605,10
20606,13
20607,11
20608,13
20609,11
20610,7
20611,11
20612,12
20613,9
20614,8
20615,15
20616,11
20617,8
20618,10
20619,4
20620,10
20621,6
20622,12
20623,11
20624,12
20625,9
20626,8
20627,7
20628,7
20629,11
20630,13
20631,10
20632,10
20633,8
20634,10
20635,6
20636,10
20637,6
20638,10
20639,5
20640,11
20641,17
20642,9
20643,11
20644,10
20645,9
20646,11
20647,12
20648,11
20649,6
20650,6
20651,12
20652,9
20653,13
20654,9
20655,11
20656,8
20657,10
20658,6
20659,5
20660,7
20661,3
20662,12
20663,11
20664,10
20665,13
20666,5
20667,8
20668,15
20669,6
20670,10
20671,10
20672,4
20673,8
20674,11
20675,8
20676,7
20677,7
20678,8
20679,8
20680,9
20681,6
20682,16
20683,5
20684,8
20685,5
20686,10
20687,10
20688,7
20689,10
20690,10
20691,10
20692,6
20693,8
20694,10
20695,6
20696,8
20697,15
20698,9
20699,7
20700,9
20701,15
20702,12
20703,12
20704,6
20705,9
20706,7
20707,8
20708,8
20709,8
20710,6
20711,12
20712,8
20713,5
20714,9
20715,12
20716,11
20717,7
20718,9
20719,9
20720,9
20721,13
20722,11
20723,5
20724,9
20725,11
20726,10
20727,11
20728,6
20729,11
20730,9
20731,7
20732,11
20733,11
20734,10
20735,8
20736,9
20737,10
20738,11
20739,10
20740,12
20741,11
20742,8
20743,8
20744,13
20745,8
20746,10
20747,12
20748,3
20749,7
20750,10
20751,4
20752,11
20753,13
20754,10
20755,14
20756,10
20757,11
20758,6
20759,10
20760,14
20761,4
20762,8
20763,3
20764,11
20765,9
20766,15
20767,7
20768,11
20769,11
20770,10
20771,8
20772,12
20773,6
20774,11
20775,10
20776,6
20777,10
20778,11
20779,6
20780,7
20781,13
20782,10
20783,11
20784,9
20785,8
20786,9
20787,6
20788,16
20789,7
20790,10
20791,11
20792,5
20793,7
20794,10
20795,11
20796,13
20797,6
20798,14
20799,12
20800,16
20801,12
20802,9
20803,9
20804,7
20805,10
20806,10
20807,15
20808,10
20809,18
20810,10
20811,6
20812,9
20813,11
20814,9
20815,9
20816,5
20817,9
20818,9
20819,8
20820,15
20821,11
20822,8
20823,11
20824,9
20825,11
20826,8
20827,9
20828,12
20829,9
20830,10
20831,5
20832,8
20833,11
20834,8
20835,11
20836,11
20837,9
20838,8
20839,9
20840,13
20841,8
20842,8
20843,13
20844,12
20845,5
20846,15
20847,7
20848,5
20849,9
20850,12
20851,5
20852,6
20853,8
20854,3
20855,12
20856,4
20857,10
20858,7
20859,10
20860,11
20861,9
20862,11
20863,10
20864,15
20865,16
20866,7
20867,9
20868,8
20869,6
20870,11
20871,6
20872,11
20873,11
20874,10
20875,7
20876,5
20877,12
20878,6
20879,13
20880,11
20881,9
20882,13
20883,8
20884,7
20885,10
20886,11
20887,9
20888,18
20889,8
20890,6
20891,7
20892,6
20893,10
20894,6
20895,5
20896,13
20897,10
20898,12
20899,8
20900,10
20901,9
20902,12
20903,9
20904,9
20905,10
20906,9
20907,10
20908,11
20909,8
20910,9
20911,6
20912,8
20913,7
20914,13
20915,9
20916,9
20917,4
20918,6
20919,6
20920,6
20921,8
20922,8
20923,8
20924,8
20925,11
20926,8
20927,10
20928,8
20929,9
20930,7
20931,8
20932,7
20933,8
20934,11
20935,10
20936,7
20937,5
20938,8
20939,8
20940,9
20941,6
20942,5
20943,6
20944,11
20945,8
20946,10
20947,16
20948,11
20949,5
20950,12
20951,8
20952,13
20953,12
20954,9
20955,7
20956,6
20957,10
20958,7
20959,12
20960,12
20961,8
20962,7
20963,7
20964,14
20965,11
20966,8
20967,9
20968,5
20969,11
20970,7
20971,6
20972,5
20973,12
20974,11
20975,13
20976,10
20977,11
20978,7
20979,12
20980,6
20981,17
20982,8
20983,8
20984,9
20985,10
20986,11
20987,11
20988,9
20989,7
20990,7
20991,12
20992,11
20993,9
20994,12
20995,11
20996,13
20997,11
20998,12
20999,9
21000,10
21001,8
21002,10
21003,12
21004,11
21005,6
21006,11
21007,10
21008,7
21009,11
21010,9
21011,10
21012,5
21013,11
21014,5
21015,9
21016,11
21017,11
21018,6
21019,10
21020,9
21021,4
21022,6
21023,12
21024,6
21025,9
21026,9
21027,8
21028,5
21029,6
21030,4
21031,7
21032,12
21033,11
21034,10
21035,12
21036,9
21037,9
21038,14
21039,4
21040,14
21041,14
21042,9
21043,12
21044,11
21045,8
21046,5
21047,8
21048,7
21049,11
21050,5
21051,6
21052,9
21053,10
21054,6
21055,16
21056,3
21057,8
21058,8
21059,3
21060,11
21061,13
21062,6
21063,9
21064,12
21065,11
21066,12
21067,12
21068,10
21069,11
21070,13
21071,15
21072,4
21073,9
21074,6
21075,4
21076,12
21077,11
21078,10
21079,8
21080,12
21081,6
21082,8
21083,8
21084,7
21085,9
21086,8
21087,6
21088,4
21089,11
21090,10
21091,6
21092,14
21093,13
21094,9
21095,12
21096,6
21097,14
21098,16
21099,12
21100,15
21101,4
21102,9
21103,10
21104,8
21105,10
21106,13
21107,6
21108,13
21109,6
21110,18
21111,6
21112,4
21113,7
21114,10
21115,7
21116,8
21117,9
21118,11
21119,5
21120,5
21121,7
21122,9
21123,10
21124,15
21125,10
21126,10
21127,10
21128,12
21129,7
21130,8
21131,10
21132,9
21133,11
21134,5
21135,10
21136,11
21137,7
21138,11
21139,18
21140,13
21141,4
21142,11
21143,11
21144,9
21145,9
21146,12
21147,10
21148,12
21149,12
21150,10
21151,10
21152,7
21153,6
21154,17
21155,6
21156,5
21157,9
21158,11
21159,9
21160,10
21161,6
21162,9
21163,8
21164,5
21165,11
21166,17
21167,10
21168,10
21169,10
21170,6
21171,10
21172,13
21173,9
21174,11
21175,8
21176,12
21177,12
21178,11
21179,7
21180,6
21181,10
21182,10
21183,15
21184,9
21185,11
21186,16
21187,3
21188,13
21189,11
21190,9
21191,8
21192,9
21193,9
21194,14
21195,11
21196,8
21197,8
21198,10
21199,7
21200,6
21201,6
21202,11
21203,9
21204,6
21205,8
21206,21
21207,11
21208,10
21209,10
21210,9
21211,6
21212,14
21213,11
21214,8
21215,10
21216,11
21217,14
21218,10
21219,7
21220,10
21221,5
21222,9
21223,9
21224,8
21225,18
21226,11
21227,7
21228,14
21229,11
21230,11
21231,9
21232,6
21233,5
21234,11
21235,12
21236,12
21237,11
21238,8
21239,11
21240,8
21241,8
21242,14
21243,19
21244,11
21245,8
21246,6
21247,11
21248,7
21249,8
21250,9
21251,12
21252,9
21253,9
21254,11
21255,7
21256,8
21257,9
21258,11
21259,9
21260,10
21261,9
21262,9
21263,6
21264,8
21265,8
21266,12
21267,12
21268,7
21269,14
21270,7
21271,10
21272,5
21273,8
21274,10
21275,5
21276,11
21277,8
21278,11
21279,9
21280,9
21281,10
21282,13
21283,12
21284,10
21285,11
21286,6
21287,8
21288,4
21289,11
21290,10
21291,5
21292,10
21293,8
21294,9
21295,8
21296,6
21297,8
21298,7
21299,11
21300,7
21301,6
21302,7
21303,10
21304,11
21305,9
21306,13
21307,6
21308,3
21309,5
21310,7
21311,12
21312,10
21313,10
21314,14
21315,15
21316,6
21317,11
21318,8
21319,8
21320,14
21321,6
21322,5
21323,7
21324,10
21325,7
21326,6
21327,8
21328,9
21329,11
21330,6
21331,10
21332,11
21333,6
21334,8
21335,6
21336,8
21337,9
21338,12
21339,7
21340,14
21341,12
21342,8
21343,9
21344,8
21345,6
21346,8
21347,11
21348,10
21349,3
21350,14
21351,9
21352,9
21353,8
21354,16
21355,9
21356,10
21357,7
21358,6
21359,12
21360,9
21361,14
21362,4
21363,10
21364,6
21365,10
21366,6
21367,9
21368,6
21369,11
21370,10
21371,8
21372,8
21373,9
21374,9
21375,6
21376,7
21377,11
21378,3
21379,8
21380,13
21381,10
21382,7
21383,10
21384,11
21385,11
21386,12
21387,11
21388,9
21389,8
21390,6
21391,9
21392,9
21393,9
21394,12
21395,12
21396,7
21397,14
21398,8
21399,7
21400,11
21401,9
21402,6
21403,9
21404,7
21405,7
21406,11
21407,7
21408,9
21409,11
21410,12
21411,9
21412,10
21413,9
21414,10
21415,6
21416,11
21417,10
21418,9
21419,13
21420,8
21421,7
21422,9
21423,4
21424,11
21425,6
21426,8
21427,18
21428,6
21429,13
21430,8
21431,5
21432,10
21433,10
21434,6
21435,17
21436,9
21437,12
21438,12
21439,9
21440,8
21441,7
21442,7
21443,6
21444,11
21445,12
21446,9
21447,16
21448,10
21449,8
21450,11
21451,6
21452,5
21453,7
21454,10
21455,5
21456,5
21457,10
21458,10
21459,9
21460,9
21461,11
21462,9
21463,4
21464,6
21465,14
21466,5
21467,10
21468,13
21469,8
21470,8
21471,7
21472,11
21473,13
21474,10
21475,8
21476,10
21477,5
21478,9
21479,16
21480,9
21481,8
21482,13
21483,10
21484,8
21485,8
21486,9
21487,10
21488,7
21489,4
21490,14
21491,8
21492,8
21493,13
21494,10
21495,7
21496,13
21497,10
21498,18
21499,3
21500,9
21501,4
21502,6
21503,11
21504,11
21505,11
21506,10
21507,10
21508,14
21509,13
21510,4
21511,10
21512,10
21513,10
21514,5
21515,6
21516,9
21517,6
21518,4
21519,5
21520,9
21521,15
21522,11
21523,8
21524,4
21525,12
21526,9
21527,15
21528,6
21529,8
21530,10
21531,9
21532,11
21533,10
21534,6
21535,10
21536,10
21537,9
21538,6
21539,9
21540,9
21541,10
21542,10
21543,6
21544,12
21545,8
21546,9
21547,8
21548,9
21549,12
21550,9
21551,8
21552,4
21553,8
21554,6
21555,12
21556,8
21557,11
21558,11
21559,4
21560,8
21561,9
21562,11
21563,5
21564,6
21565,11
21566,8
21567,8
21568,6
21569,10
21570,6
21571,6
21572,6
21573,7
21574,11
21575,11
21576,7
21577,7
21578,12
21579,9
21580,14
21581,3
21582,9
21583,4
21584,13
21585,9
21586,10
21587,11
21588,5
21589,9
21590,13
21591,10
21592,6
21593,12
21594,8
21595,8
21596,13
21597,11
21598,10
21599,12
21600,14
21601,12
21602,10
21603,8
21604,3
21605,10
21606,11
21607,9
21608,10
21609,11
21610,10
21611,10
21612,11
21613,8
21614,7
21615,6
21616,7
21617,8
21618,9
21619,8
21620,9
21621,9
21622,10
21623,7
21624,6
21625,8
21626,9
21627,9
21628,8
21629,11
21630,12
21631,9
21632,11
21633,10
21634,13
21635,6
21636,9
21637,9
21638,7
21639,10
21640,7
21641,7
21642,8
21643,7
21644,14
21645,9
21646,15
21647,12
21648,8
21649,10
21650,10
21651,8
21652,12
21653,8
21654,11
21655,3
21656,9
21657,9
21658,5
21659,4
21660,6
21661,10
21662,5
21663,11
21664,9
21665,11
21666,14
21667,12
21668,9
21669,8
21670,4
21671,5
21672,10
21673,11
21674,11
21675,8
21676,9
21677,9
21678,14
21679,10
21680,9
21681,5
21682,8
21683,8
21684,13
21685,8
21686,9
21687,5
21688,10
21689,6
21690,10
21691,17
21692,10
21693,10
21694,5
21695,8
21696,11
21697,12
21698,6
21699,14
21700,5
21701,8
21702,10
21703,13
21704,10
21705,5
21706,6
21707,10
21708,8
21709,9
21710,10
21711,13
21712,10
21713,10
21714,9
21715,10
21716,10
21717,8
21718,10
21719,9
21720,10
21721,9
21722,7
21723,11
21724,9
21725,11
21726,3
21727,8
21728,6
21729,11
21730,19
21731,9
21732,10
21733,9
21734,9
21735,8
21736,14
21737,7
21738,8
21739,11
21740,11
21741,11
21742,10
21743,9
21744,11
21745,7
21746,10
21747,9
21748,9
21749,10
21750,8
21751,10
21752,11
21753,6
21754,11
21755,10
21756,10
21757,5
21758,5
21759,10
21760,5
21761,11
21762,12
21763,10
21764,8
21765,11
21766,9
21767,7
21768,9
21769,9
21770,9
21771,7
21772,8
21773,10
21774,10
21775,10
21776,4
21777,3
21778,7
21779,7
21780,13
21781,9
21782,6
21783,7
21784,8
21785,5
21786,9
21787,10
21788,6
21789,10
21790,8
21791,12
21792,9
21793,15
21794,5
21795,9
21796,13
21797,6
21798,12
21799,6
21800,8
21801,4
21802,6
21803,10
21804,7
21805,9
21806,6
21807,6
21808,11
21809,13
21810,10
21811,9
21812,11
21813,7
21814,9
21815,11
21816,10
21817,7
21818,9
21819,4
21820,10
21821,10
21822,9
21823,7
21824,8
21825,6
21826,9
21827,11
21828,6
21829,12
21830,10
21831,10
21832,8
21833,13
21834,12
21835,10
21836,8
21837,7
21838,6
21839,8
21840,8
21841,11
21842,7
21843,11
21844,6
21845,10
21846,8
21847,6
21848,11
21849,3
21850,7
21851,12
21852,10
21853,5
21854,11
21855,13
21856,10
21857,7
21858,7
21859,13
21860,7
21861,9
21862,11
21863,11
21864,10
21865,9
21866,8
21867,11
21868,10
21869,7
21870,10
21871,11
21872,10
21873,10
21874,10
21875,8
21876,9
21877,14
21878,6
21879,8
21880,13
21881,8
21882,10
21883,7
21884,6
21885,13
21886,9
21887,10
21888,5
21889,12
21890,10
21891,6
21892,7
21893,9
21894,10
21895,7
21896,10
21897,6
21898,10
21899,8
21900,5
21901,15
21902,9
21903,10
21904,10
21905,8
21906,8
21907,5
21908,7
21909,6
21910,12
21911,3
21912,11
21913,10
21914,8
21915,10
21916,9
21917,14
21918,6
21919,7
21920,15
21921,15
21922,9
21923,6
21924,10
21925,10
21926,12
21927,8
21928,7
21929,11
21930,15
21931,4
21932,9
21933,5
21934,7
21935,7
21936,10
21937,5
21938,12
21939,10
21940,10
21941,8
21942,7
21943,10
21944,9
21945,11
21946,12
21947,8
21948,14
21949,8
21950,8
21951,6
21952,8
21953,8
21954,11
21955,10
21956,11
21957,7
21958,6
21959,9
21960,7
21961,12
21962,15
21963,13
21964,13
21965,11
21966,3
21967,9
21968,10
21969,6
21970,12
21971,10
21972,8
21973,11
21974,11
21975,8
21976,5
21977,8
21978,8
21979,11
21980,8
21981,5
21982,7
21983,12
21984,10
21985,9
21986,5
21987,10
21988,10
21989,12
21990,8
21991,9
21992,9
21993,11
21994,13
21995,12
21996,9
21997,10
21998,12
21999,9
22000,3
22001,7
22002,11
22003,10
22004,6
22005,8
22006,9
22007,11
22008,6
22009,9
22010,11
22011,7
22012,10
22013,16
22014,10
22015,10
22016,9
22017,8
22018,6
22019,8
22020,7
22021,5
22022,12
22023,9
22024,7
22025,6
22026,8
22027,12
22028,10
22029,8
22030,17
22031,8
22032,9
22033,13
22034,5
22035,12
22036,12
22037,9
22038,11
22039,9
22040,6
22041,10
22042,8
22043,9
22044,10
22045,10
22046,6
22047,11
22048,9
22049,7
22050,9
22051,9
22052,9
22053,5
22054,8
22055,10
22056,9
22057,5
22058,9
22059,18
22060,12
22061,3
22062,8
22063,12
22064,10
22065,8
22066,6
22067,11
22068,5
22069,9
22070,12
22071,9
22072,11
22073,7
22074,11
22075,10
22076,13
22077,8
22078,9
22079,9
22080,9
22081,11
22082,9
22083,15
22084,8
22085,11
22086,14
22087,11
22088,6
22089,6
22090,8
22091,14
22092,13
22093,6
22094,7
22095,11
22096,10
22097,12
22098,11
22099,11
22100,12
22101,13
22102,10
22103,12
22104,9
22105,8
22106,9
22107,3
22108,10
22109,11
22110,5
22111,12
22112,8
22113,7
22114,16
22115,8
22116,12
22117,3
22118,6
22119,6
22120,6
22121,6
22122,8
22123,10
22124,10
22125,15
22126,9
22127,8
22128,6
22129,6
22130,14
22131,13
22132,10
22133,10
22134,9
22135,8
22136,9
22137,11
22138,9
22139,7
22140,9
22141,18
22142,11
22143,7
22144,12
22145,9
22146,11
22147,9
22148,10
22149,6
22150,10
22151,17
22152,6
22153,9
22154,13
22155,10
22156,9
22157,10
22158,4
22159,7
22160,5
22161,10
22162,8
22163,10
22164,15
22165,10
22166,10
22167,11
22168,6
22169,9
22170,10
22171,6
22172,4
22173,8
22174,11
22175,11
22176,9
22177,10
22178,5
22179,10
22180,11
22181,6
22182,16
22183,8
22184,8
22185,9
22186,10
22187,8
22188,8
22189,8
22190,13
22191,12
22192,7
22193,9
22194,9
22195,3
22196,12
22197,9
22198,8
22199,12
22200,10
22201,7
22202,8
22203,10
22204,4
22205,6
22206,9
22207,5
22208,8
22209,10
22210,5
22211,4
22212,9
22213,9
22214,13
22215,10
22216,6
22217,9
22218,7
22219,10
22220,13
22221,15
22222,14
22223,9
22224,10
22225,14
22226,7
22227,7
22228,5
22229,8
22230,6
22231,9
22232,12
22233,10
22234,7
22235,9
22236,5
22237,12
22238,10
22239,7
22240,8
22241,15
22242,14
22243,11
22244,8
22245,11
22246,10
22247,7
22248,9
22249,5
22250,8
22251,3
22252,8
22253,7
22254,8
22255,7
22256,10
22257,11
22258,12
22259,10
22260,9
22261,8
22262,9
22263,10
22264,5
22265,10
22266,17
22267,9
22268,7
22269,8
22270,8
22271,11
22272,10
22273,10
22274,9
22275,10
22276,6
22277,5
22278,7
22279,6
22280,8
22281,12
22282,9
22283,11
22284,9
22285,8
22286,8
22287,10
22288,11
22289,6
22290,12
22291,13
22292,9
22293,9
22294,11
22295,7
22296,5
22297,3
22298,7
22299,10
22300,9
22301,14
22302,10
22303,7
22304,18
22305,6
22306,7
22307,10
22308,8
22309,14
22310,9
22311,6
22312,9
22313,10
22314,13
22315,15
22316,9
22317,11
22318,9
22319,12
22320,9
22321,9
22322,12
22323,8
22324,9
22325,11
22326,8
22327,9
22328,14
22329,6
22330,10
22331,6
22332,14
22333,11
22334,8
22335,4
22336,6
22337,10
22338,10
22339,9
22340,7
22341,12
22342,9
22343,7
22344,10
22345,4
22346,6
22347,7
22348,7
22349,14
22350,8
22351,11
22352,9
22353,7
22354,7
22355,8
22356,11
22357,14
22358,11
22359,14
22360,11
22361,3
22362,14
22363,13
22364,6
22365,11
22366,9
22367,11
22368,11
22369,9
22370,12
22371,6
22372,9
22373,9
22374,10
22375,7
22376,11
22377,7
22378,8
22379,8
22380,8
22381,7
22382,5
22383,11
22384,5
22385,12
22386,9
22387,4
22388,9
22389,10
22390,8
22391,13
22392,14
22393,11
22394,11
22395,11
22396,12
22397,14
22398,10
22399,8
22400,7
22401,7
22402,8
22403,9
22404,9
22405,10
22406,7
22407,14
22408,10
22409,8
22410,4
22411,10
22412,4
22413,10
22414,15
22415,12
22416,9
22417,6
22418,5
22419,10
22420,7
22421,9
22422,9
22423,10
22424,10
22425,13
22426,8
22427,13
22428,9
22429,9
22430,11
22431,10
22432,13
22433,12
22434,6
22435,8
22436,3
22437,9
22438,6
22439,11
22440,11
22441,13
22442,6
22443,8
22444,9
22445,4
22446,8
22447,9
22448,9
22449,9
22450,7
22451,9
22452,8
22453,6
22454,13
22455,13
22456,8
22457,13
22458,12
22459,10
22460,4
22461,12
22462,5
22463,7
22464,13
22465,12
22466,6
22467,12
22468,8
22469,7
22470,11
22471,11
22472,8
22473,9
22474,5
22475,9
22476,8
22477,12
22478,5
22479,12
22480,11
22481,14
22482,12
22483,9
22484,6
22485,8
22486,13
22487,11
22488,12
22489,10
22490,9
22491,12
22492,7
22493,6
22494,7
22495,11
22496,9
22497,7
22498,7
22499,11
22500,5
22501,7
22502,12
22503,8
22504,8
22505,9
22506,9
22507,5
22508,16
22509,11
22510,11
22511,11
22512,8
22513,9
22514,10
22515,11
22516,10
22517,9
22518,9
22519,15
22520,11
22521,7
22522,7
22523,4
22524,10
22525,17
22526,9
22527,10
22528,11
22529,8
22530,3
22531,14
22532,11
22533,5
22534,6
22535,10
22536,13
22537,8
22538,8
22539,8
22540,9
22541,11
22542,10
22543,11
22544,8
22545,10
22546,10
22547,2
22548,12
22549,11
22550,6
22551,12
22552,10
22553,10
22554,13
22555,12
22556,16
22557,8
22558,8
22559,8
22560,7
22561,11
22562,7
22563,6
22564,9
22565,10
22566,11
22567,10
22568,10
22569,9
22570,9
22571,8
22572,11
22573,14
22574,10
22575,12
22576,7
22577,7
22578,9
22579,15
22580,10
22581,11
22582,11
22583,7
22584,10
22585,15
22586,7
22587,10
22588,4
22589,6
22590,5
22591,10
22592,6
22593,10
22594,6
22595,6
22596,8
22597,8
22598,7
22599,11
22600,12
22601,6
22602,8
22603,10
22604,11
22605,9
22606,11
22607,12
22608,8
22609,8
22610,8
22611,15
22612,10
22613,15
22614,9
22615,7
22616,8
22617,11
22618,6
22619,9
22620,14
22621,13
22622,6
22623,8
22624,8
22625,10
22626,10
22627,7
22628,6
22629,13
22630,11
22631,5
22632,8
22633,10
22634,14
22635,10
22636,12
22637,8
22638,10
22639,12
22640,14
22641,9
22642,14
22643,10
22644,15
22645,12
22646,10
22647,7
22648,11
22649,11
22650,8
22651,9
22652,12
22653,11
22654,10
22655,7
22656,10
22657,9
22658,14
22659,10
22660,8
22661,12
22662,5
22663,7
22664,10
22665,13
22666,9
22667,10
22668,9
22669,9
22670,4
22671,9
22672,11
22673,12
22674,9
22675,4
22676,15
22677,11
22678,10
22679,12
22680,7
22681,9
22682,7
22683,12
22684,9
22685,8
22686,11
22687,11
22688,13
22689,4
22690,8
22691,11
22692,8
22693,12
22694,13
22695,10
22696,12
22697,9
22698,8
22699,8
22700,12
22701,10
22702,8
22703,6
22704,12
22705,10
22706,11
22707,12
22708,8
22709,8
22710,5
22711,9
22712,6
22713,6
22714,9
22715,16
22716,14
22717,7
22718,7
22719,10
22720,10
22721,13
22722,11
22723,7
22724,10
22725,7
22726,10
22727,12
22728,10
22729,6
22730,6
22731,13
22732,10
22733,6
22734,10
22735,6
22736,8
22737,12
22738,10
22739,12
22740,8
22741,8
22742,9
22743,11
22744,11
22745,6
22746,12
22747,13
22748,8
22749,8
22750,9
22751,12
22752,8
22753,10
22754,10
22755,18
22756,11
22757,10
22758,10
22759,10
22760,9
22761,6
22762,6
22763,9
22764,6
22765,18
22766,6
22767,9
22768,6
22769,9
22770,5
22771,5
22772,11
22773,5
22774,13
22775,8
22776,9
22777,12
22778,10
22779,6
22780,8
22781,7
22782,5
22783,4
22784,10
22785,9
22786,10
22787,8
22788,6
22789,13
22790,9
22791,10
22792,12
22793,6
22794,6
22795,13
22796,6
22797,6
22798,9
22799,12
22800,7
22801,10
22802,11
22803,10
22804,13
22805,9
22806,13
22807,4
22808,8
22809,10
22810,7
22811,9
22812,11
22813,11
22814,13
22815,14
22816,9
22817,15
22818,10
22819,9
22820,14
22821,8
22822,8
22823,11
22824,10
22825,9
22826,9
22827,10
22828,12
22829,6
22830,12
22831,7
22832,13
22833,13
22834,16
22835,8
22836,11
22837,9
22838,13
22839,8
22840,5
22841,10
22842,9
22843,9
22844,12
22845,11
22846,10
22847,7
22848,9
22849,5
22850,7
22851,11
22852,10
22853,10
22854,8
22855,7
22856,9
22857,13
22858,6
22859,4
22860,7
22861,8
22862,6
22863,9
22864,7
22865,8
22866,9
22867,9
22868,10
22869,5
22870,10
22871,6
22872,3
22873,11
22874,6
22875,10
22876,10
22877,8
22878,12
22879,10
22880,12
22881,8
22882,12
22883,10
22884,13
22885,10
22886,8
22887,11
22888,9
22889,9
22890,12
22891,14
22892,11
22893,7
22894,9
22895,15
22896,4
22897,11
22898,12
22899,7
22900,6
22901,11
22902,11
22903,13
22904,11
22905,6
22906,9
22907,11
22908,8
22909,9
22910,5
22911,13
22912,9
22913,7
22914,7
22915,15
22916,8
22917,7
22918,6
22919,6
22920,9
22921,9
22922,9
22923,7
22924,10
22925,9
22926,11
22927,10
22928,11
22929,7
22930,13
22931,5
22932,8
22933,13
22934,11
22935,16
22936,8
22937,11
22938,13
22939,9
22940,4
22941,8
22942,10
22943,11
22944,6
22945,7
22946,15
22947,12
22948,6
22949,10
22950,7
22951,10
22952,7
22953,6
22954,10
22955,8
22956,6
22957,14
22958,8
22959,9
22960,8
22961,11
22962,11
22963,9
22964,9
22965,9
22966,5
22967,10
22968,11
22969,11
22970,8
22971,11
22972,4
22973,9
22974,10
22975,14
22976,8
22977,5
22978,13
22979,11
22980,12
22981,8
22982,8
22983,8
22984,10
22985,6
22986,7
22987,8
22988,14
22989,9
22990,9
22991,13
22992,7
22993,6
22994,9
22995,4
22996,11
22997,11
22998,11
22999,8
23000,6
23001,10
23002,6
23003,11
23004,10
23005,4
23006,8
23007,8
23008,6
23009,9
23010,7
23011,8
23012,10
23013,7
23014,7
23015,8
23016,9
23017,17
23018,9
23019,8
23020,12
23021,11
23022,11
23023,7
23024,15
23025,12
23026,9
23027,8
23028,14
23029,12
23030,11
23031,7
23032,9
23033,6
23034,10
23035,8
23036,7
23037,7
23038,14
23039,9
23040,8
23041,13
23042,15
23043,14
23044,12
23045,3
23046,10
23047,10
23048,9
23049,10
23050,11
23051,9
23052,6
23053,8
23054,6
23055,9
23056,15
23057,7
23058,12
23059,7
23060,8
23061,9
23062,13
23063,10
23064,14
23065,10
23066,9
23067,12
23068,10
23069,9
23070,9
23071,3
23072,7
23073,9
23074,9
23075,7
23076,11
23077,7
23078,9
23079,9
23080,8
23081,6
23082,12
23083,11
23084,11
23085,12
23086,7
23087,11
23088,6
23089,7
23090,8
23091,13
23092,8
23093,9
23094,3
23095,10
23096,11
23097,10
23098,7
23099,10
23100,21
23101,7
23102,9
23103,9
23104,10
23105,7
23106,12
23107,8
23108,9
23109,8
23110,10
23111,11
23112,7
23113,5
23114,9
23115,10
23116,6
23117,8
23118,10
23119,13
23120,9
23121,13
23122,3
23123,13
23124,10
23125,8
23126,9
23127,12
23128,9
23129,5
23130,6
23131,11
23132,9
23133,10
23134,13
23135,6
23136,11
23137,13
23138,9
23139,6
23140,7
23141,6
23142,4
23143,9
23144,10
23145,11
23146,9
23147,8
23148,11
23149,11
23150,9
23151,12
23152,13
23153,10
23154,5
23155,14
23156,9
23157,10
23158,9
23159,10
23160,9
23161,8
23162,10
23163,12
23164,10
23165,10
23166,9
23167,13
23168,14
23169,9
23170,9
23171,12
23172,11
23173,7
23174,7
23175,14
23176,10
23177,11
23178,10
23179,13
23180,11
23181,12
23182,6
23183,13
23184,9
23185,7
23186,6
23187,12
23188,6
23189,7
23190,14
23191,5
23192,11
23193,8
23194,12
23195,10
23196,9
23197,7
23198,13
23199,7
23200,8
23201,10
23202,9
23203,10
23204,6
23205,11
23206,14
23207,14
23208,9
23209,10
23210,7
23211,9
23212,9
23213,9
23214,11
23215,7
23216,11
23217,14
23218,9
23219,10
23220,7
23221,8
23222,6
23223,12
23224,12
23225,11
23226,11
23227,7
23228,9
23229,10
23230,7
23231,12
23232,9
23233,10
23234,12
23235,10
23236,7
23237,7
23238,10
23239,10
23240,7
23241,8
23242,7
23243,10
23244,10
23245,5
23246,13
23247,9
23248,11
23249,7
23250,11
23251,9
23252,8
23253,8
23254,12
23255,9
23256,2
23257,11
23258,9
23259,9
23260,6
23261,6
23262,12
23263,8
23264,10
23265,12
23266,17
23267,6
23268,12
23269,11
23270,10
23271,7
23272,10
23273,17
23274,5
23275,13
23276,9
23277,12
23278,4
23279,9
23280,13
23281,11
23282,7
23283,4
23284,9
23285,6
23286,8
23287,10
23288,8
23289,10
23290,7
23291,12
23292,9
23293,10
23294,8
23295,5
23296,5
23297,10
23298,8
23299,11
23300,11
23301,12
23302,9
23303,8
23304,13
23305,10
23306,4
23307,8
23308,7
23309,14
23310,13
23311,4
23312,6
23313,9
23314,13
23315,7
23316,5
23317,10
23318,12
23319,10
23320,8
23321,11
23322,16
23323,12
23324,6
23325,6
23326,8
23327,9
23328,10
23329,13
23330,11
23331,11
23332,5
23333,8
23334,9
23335,12
23336,7
23337,21
23338,8
23339,14
23340,9
23341,14
23342,9
23343,9
23344,6
23345,10
23346,10
23347,9
23348,8
23349,11
23350,6
23351,5
23352,4
23353,13
23354,9
23355,10
23356,4
23357,9
23358,8
23359,11
23360,7
23361,11
23362,10
23363,4
23364,5
23365,10
23366,7
23367,8
23368,7
23369,10
23370,7
23371,10
23372,3
23373,17
23374,6
23375,10
23376,13
23377,13
23378,9
23379,10
23380,11
23381,4
23382,11
23383,15
23384,8
23385,4
23386,12
23387,7
23388,9
23389,9
23390,5
23391,16
23392,12
23393,9
23394,14
23395,6
23396,7
23397,9
23398,9
23399,7
23400,10
23401,10
23402,8
23403,7
23404,9
23405,14
23406,9
23407,10
23408,10
23409,9
23410,11
23411,8
23412,9
23413,6
23414,9
23415,12
23416,9
23417,7
23418,9
23419,7
23420,5
23421,8
23422,13
23423,9
23424,8
23425,20
23426,10
23427,7
23428,8
23429,12
23430,11
23431,6
23432,9
23433,11
23434,10
23435,5
23436,11
23437,8
23438,13
23439,11
23440,8
23441,12
23442,8
23443,11
23444,12
23445,11
23446,11
23447,8
23448,3
23449,8
23450,10
23451,7
23452,11
23453,11
23454,7
23455,12
23456,15
23457,11
23458,13
23459,12
23460,13
23461,8
23462,7
23463,10
23464,12
23465,11
23466,12
23467,13
23468,11
23469,11
23470,7
23471,11
23472,8
23473,10
23474,8
23475,7
23476,11
23477,8
23478,9
23479,10
23480,12
23481,10
23482,9
23483,6
23484,11
23485,9
23486,6
23487,5
23488,9
23489,15
23490,11
23491,4
23492,8
23493,8
23494,4
23495,6
23496,12
23497,11
23498,12
23499,14
23500,10
23501,10
23502,6
23503,4
23504,6
23505,12
23506,7
23507,17
23508,4
23509,8
23510,13
23511,9
23512,9
23513,10
23514,11
23515,10
23516,10
23517,11
23518,11
23519,8
23520,9
23521,8
23522,9
23523,7
23524,4
23525,6
23526,4
23527,19
23528,12
23529,10
23530,13
23531,11
23532,12
23533,12
23534,10
23535,9
23536,8
23537,12
23538,7
23539,13
23540,11
23541,8
23542,10
23543,9
23544,8
23545,8
23546,3
23547,13
23548,6
23549,5
23550,9
23551,7
23552,14
23553,4
23554,8
23555,11
23556,10
23557,10
23558,7
23559,7
23560,7
23561,6
23562,3
23563,6
23564,6
23565,10
23566,19
23567,7
23568,11
23569,9
23570,13
23571,8
23572,12
23573,11
23574,9
23575,8
23576,13
23577,10
23578,11
23579,9
23580,12
23581,8
23582,7
23583,9
23584,10
23585,17
23586,12
23587,6
23588,5
23589,11
23590,12
23591,9
23592,10
23593,9
23594,10
23595,9
23596,10
23597,9
23598,13
23599,6
23600,9
23601,9
23602,5
23603,9
23604,4
23605,9
23606,7
23607,9
23608,11
23609,9
23610,15
23611,6
23612,7
23613,6
23614,7
23615,6
23616,8
23617,10
23618,11
23619,8
23620,8
23621,12
23622,6
23623,10
23624,5
23625,9
23626,8
23627,5
23628,14
23629,10
23630,11
23631,10
23632,8
23633,11
23634,11
23635,14
23636,10
23637,11
23638,13
23639,9
23640,10
23641,7
23642,12
23643,9
23644,13
23645,11
23646,10
23647,7
23648,14
23649,8
23650,11
23651,11
23652,9
23653,9
23654,10
23655,6
23656,7
23657,11
23658,10
23659,13
23660,12
23661,8
23662,6
23663,8
23664,8
23665,11
23666,11
23667,9
23668,10
23669,8
23670,10
23671,9
23672,7
23673,18
23674,11
23675,5
23676,10
23677,8
23678,10
23679,7
23680,7
23681,9
23682,9
23683,13
23684,16
23685,5
23686,8
23687,6
23688,4
23689,5
23690,11
23691,7
23692,11
23693,10
23694,9
23695,10
23696,15
23697,6
23698,10
23699,10
23700,7
23701,12
23702,8
23703,9
23704,4
23705,12
23706,10
23707,6
23708,10
23709,11
23710,9
23711,7
23712,8
23713,7
23714,4
23715,3
23716,8
23717,18
23718,10
23719,12
23720,3
23721,15
23722,11
23723,11
23724,11
23725,10
23726,6
23727,10
23728,6
23729,12
23730,11
23731,6
23732,4
23733,4
23734,5
23735,8
23736,8
23737,10
23738,10
23739,10
23740,12
23741,11
23742,9
23743,12
23744,4
23745,11
23746,11
23747,3
23748,6
23749,10
23750,9
23751,8
23752,8
23753,6
23754,6
23755,10
23756,11
23757,8
23758,11
23759,6
23760,3
23761,13
23762,6
23763,5
23764,10
23765,10
23766,4
23767,10
23768,7
23769,16
23770,7
23771,6
23772,5
23773,12
23774,13
23775,9
23776,6
23777,7
23778,7
23779,9
23780,12
23781,8
23782,7
23783,8
23784,10
23785,8
23786,6
23787,9
23788,13
23789,8
23790,5
23791,9
23792,6
23793,10
23794,7
23795,5
23796,6
23797,11
23798,5
23799,5
23800,14
23801,11
23802,11
23803,8
23804,5
23805,11
23806,7
23807,4
23808,9
23809,10
23810,8
23811,18
23812,8
23813,8
23814,9
23815,24
23816,7
23817,10
23818,9
23819,11
23820,8
23821,11
23822,14
23823,8
23824,12
23825,8
23826,7
23827,14
23828,7
23829,7
23830,9
23831,5
23832,10
23833,14
23834,8
23835,15
23836,7
23837,8
23838,10
23839,6
23840,6
23841,10
23842,8
23843,10
23844,8
23845,3
23846,14
23847,5
23848,10
23849,13
23850,11
23851,10
23852,18
23853,8
23854,7
23855,6
23856,9
23857,9
23858,7
23859,6
23860,6
23861,7
23862,9
23863,8
23864,10
23865,5
23866,11
23867,10
23868,10
23869,6
23870,9
23871,9
23872,10
23873,7
23874,9
23875,10
23876,10
23877,8
23878,5
23879,6
23880,11
23881,12
23882,10
23883,6
23884,10
23885,11
23886,13
23887,5
23888,11
23889,14
23890,10
23891,10
23892,7
23893,9
23894,5
23895,11
23896,8
23897,13
23898,12
23899,2
23900,12
23901,12
23902,10
23903,11
23904,12
23905,7
23906,6
23907,10
23908,10
23909,8
23910,5
23911,10
23912,9
23913,12
23914,5
23915,6
23916,6
23917,6
23918,7
23919,8
23920,10
23921,7
23922,8
23923,12
23924,6
23925,9
23926,6
23927,10
23928,9
23929,11
23930,10
23931,15
23932,5
23933,9
23934,9
23935,16
23936,9
23937,13
23938,10
23939,10
23940,8
23941,9
23942,6
23943,5
23944,3
23945,10
23946,10
23947,8
23948,9
23949,8
23950,8
23951,5
23952,12
23953,6
23954,7
23955,7
23956,9
23957,10
23958,8
23959,9
23960,10
23961,8
23962,13
23963,19
23964,8
23965,9
23966,7
23967,10
23968,10
23969,6
23970,10
23971,13
23972,7
23973,10
23974,9
23975,10
23976,12
23977,9
23978,7
23979,9
23980,9
23981,5
23982,6
23983,10
23984,9
23985,11
23986,13
23987,10
23988,15
23989,9
23990,10
23991,8
23992,17
23993,8
23994,10
23995,6
23996,10
23997,8
23998,17
23999,6
24000,10
24001,5
24002,5
24003,11
24004,8
24005,7
24006,6
24007,7
24008,6
24009,8
24010,7
24011,8
24012,5
24013,14
24014,13
24015,6
24016,13
24017,6
24018,10
24019,6
24020,10
24021,10
24022,11
24023,7
24024,11
24025,6
24026,9
24027,6
24028,7
24029,7
24030,6
24031,15
24032,9
24033,6
24034,11
24035,8
24036,9
24037,11
24038,8
24039,10
24040,5
24041,13
24042,8
24043,8
24044,5
24045,8
24046,13
24047,10
24048,9
24049,8
24050,7
24051,6
24052,7
24053,11
24054,10
24055,8
24056,11
24057,13
24058,10
24059,9
24060,7
24061,8
24062,10
24063,10
24064,8
24065,5
24066,8
24067,12
24068,8
24069,9
24070,11
24071,8
24072,7
24073,13
24074,7
24075,6
24076,12
24077,11
24078,5
24079,6
24080,9
24081,10
24082,6
24083,4
24084,5
24085,6
24086,10
24087,12
24088,7
24089,8
24090,17
24091,7
24092,11
24093,8
24094,17
24095,9
24096,9
24097,8
24098,10
24099,6
24100,7
24101,11
24102,7
24103,8
24104,6
24105,13
24106,10
24107,6
24108,8
24109,7
24110,10
24111,7
24112,7
24113,8
24114,6
24115,13
24116,9
24117,9
24118,11
24119,11
24120,15
24121,9
24122,15
24123,7
24124,7
24125,12
24126,9
24127,10
24128,9
24129,5
24130,10
24131,5
24132,11
24133,10
24134,5
24135,5
24136,8
24137,9
24138,9
24139,10
24140,7
24141,11
24142,18
24143,11
24144,8
24145,13
24146,8
24147,9
24148,7
24149,7
24150,4
24151,7
24152,14
24153,12
24154,8
24155,9
24156,7
24157,7
24158,9
24159,12
24160,8
24161,9
24162,10
24163,9
24164,9
24165,9
24166,13
24167,9
24168,4
24169,11
24170,9
24171,10
24172,11
24173,11
24174,10
24175,11
24176,6
24177,5
24178,11
24179,8
24180,6
24181,6
24182,9
24183,7
24184,9
24185,8
24186,11
24187,5
24188,14
24189,10
24190,10
24191,13
24192,12
24193,9
24194,15
24195,14
24196,3
24197,10
24198,6
24199,11
24200,8
24201,10
24202,9
24203,8
24204,6
24205,10
24206,8
24207,8
24208,9
24209,14
24210,4
24211,8
24212,3
24213,8
24214,10
24215,6
24216,3
24217,12
24218,10
24219,8
24220,10
24221,13
24222,11
24223,6
24224,12
24225,11
24226,8
24227,6
24228,6
24229,8
24230,9
24231,5
24232,13
24233,12
24234,8
24235,10
24236,9
24237,11
24238,9
24239,10
24240,13
24241,4
24242,10
24243,9
24244,5
24245,13
24246,11
24247,10
24248,8
24249,8
24250,10
24251,22
24252,9
24253,6
24254,9
24255,7
24256,9
24257,6
24258,17
24259,8
24260,11
24261,10
24262,11
24263,7
24264,10
24265,11
24266,10
24267,10
24268,10
24269,8
24270,7
24271,8
24272,8
24273,8
24274,10
24275,14
24276,17
24277,11
24278,11
24279,11
24280,10
24281,14
24282,10
24283,11
24284,6
24285,7
24286,3
24287,11
24288,11
24289,7
24290,8
24291,13
24292,11
24293,10
24294,9
24295,7
24296,5
24297,10
24298,10
24299,11
24300,8
24301,9
24302,13
24303,11
24304,8
24305,10
24306,14
24307,10
24308,6
24309,12
24310,14
24311,7
24312,13
24313,4
24314,12
24315,8
24316,6
24317,8
24318,8
24319,9
24320,12
24321,9
24322,11
24323,6
24324,14
24325,9
24326,8
24327,8
24328,7
24329,8
24330,15
24331,8
24332,7
24333,12
24334,9
24335,9
24336,13
24337,10
24338,5
24339,5
24340,11
24341,4
24342,8
24343,8
24344,12
24345,6
24346,9
24347,10
24348,16
24349,12
24350,9
24351,11
24352,9
24353,11
24354,15
24355,7
24356,8
24357,9
24358,12
24359,6
24360,6
24361,6
24362,11
24363,10
24364,10
24365,3
24366,9
24367,9
24368,7
24369,12
24370,11
24371,5
24372,12
24373,10
24374,10
24375,13
24376,8
24377,11
24378,11
24379,16
24380,9
24381,11
24382,10
24383,7
24384,8
24385,11
24386,9
24387,6
24388,10
24389,6
24390,7
24391,13
24392,8
24393,12
24394,7
24395,6
24396,7
24397,10
24398,9
24399,8
24400,12
24401,5
24402,7
24403,5
24404,6
24405,11
24406,10
24407,6
24408,9
24409,11
24410,7
24411,4
24412,9
24413,12
24414,8
24415,10
24416,10
24417,7
24418,5
24419,8
24420,12
24421,14
24422,10
24423,11
24424,11
24425,8
24426,4
24427,11
24428,11
24429,5
24430,12
24431,9
24432,16
24433,7
24434,8
24435,8
24436,10
24437,9
24438,9
24439,10
24440,6
24441,4
24442,14
24443,14
24444,9
24445,7
24446,9
24447,11
24448,7
24449,10
24450,11
24451,8
24452,6
24453,9
24454,8
24455,10
24456,8
24457,3
24458,6
24459,9
24460,9
24461,8
24462,13
24463,6
24464,7
24465,5
24466,3
24467,8
24468,8
24469,8
24470,7
24471,9
24472,13
24473,12
24474,7
24475,9
24476,10
24477,6
24478,5
24479,7
24480,9
24481,9
24482,6
24483,10
24484,14
24485,15
24486,16
24487,8
24488,6
24489,7
24490,8
24491,9
24492,14
24493,10
24494,12
24495,8
24496,11
24497,10
24498,11
24499,12
24500,6
24501,7
24502,5
24503,7
24504,8
24505,9
24506,7
24507,10
24508,7
24509,11
24510,5
24511,14
24512,10
24513,7
24514,9
24515,6
24516,9
24517,7
24518,11
24519,7
24520,9
24521,9
24522,9
24523,11
24524,10
24525,6
24526,10
24527,12
24528,11
24529,5
24530,6
24531,9
24532,12
24533,9
24534,2
24535,6
24536,13
24537,8
24538,9
24539,10
24540,4
24541,6
24542,6
24543,10
24544,8
24545,10
24546,10
24547,9
24548,10
24549,7
24550,7
24551,8
24552,9
24553,9
24554,12
24555,11
24556,15
24557,9
24558,7
24559,8
24560,10
24561,9
24562,16
24563,7
24564,9
24565,7
24566,11
24567,18
24568,17
24569,9
24570,7
24571,5
24572,6
24573,12
24574,10
24575,9
24576,5
24577,5
24578,11
24579,8
24580,9
24581,7
24582,10
24583,9
24584,8
24585,3
24586,10
24587,8
24588,7
24589,7
24590,6
24591,9
24592,13
24593,11
24594,11
24595,10
24596,9
24597,9
24598,10
24599,13
24600,8
24601,8
24602,13
24603,11
24604,9
24605,10
24606,12
24607,13
24608,8
24609,8
24610,6
24611,9
24612,6
24613,4
24614,12
24615,15
24616,18
24617,9
24618,14
24619,10
24620,9
24621,9
24622,9
24623,9
24624,8
24625,8
24626,7
24627,6
24628,8
24629,6
24630,9
24631,9
24632,13
24633,13
24634,8
24635,10
24636,7
24637,11
24638,10
24639,11
24640,10
24641,10
24642,9
24643,9
24644,15
24645,11
24646,5
24647,11
24648,5
24649,10
24650,10
24651,10
24652,11
24653,11
24654,6
24655,5
24656,2
24657,10
24658,7
24659,5
24660,9
24661,13
24662,13
24663,5
24664,9
24665,10
24666,9
24667,8
24668,9
24669,6
24670,6
24671,10
24672,6
24673,10
24674,9
24675,10
24676,9
24677,8
24678,9
24679,6
24680,7
24681,13
24682,6
24683,11
24684,9
24685,10
24686,7
24687,11
24688,10
24689,7
24690,9
24691,11
24692,7
24693,7
24694,11
24695,8
24696,10
24697,10
24698,8
24699,5
24700,10
24701,8
24702,10
24703,24
24704,9
24705,5
24706,6
24707,9
24708,10
24709,10
24710,13
24711,11
24712,10
24713,3
24714,6
24715,8
24716,10
24717,8
24718,11
24719,11
24720,9
24721,11
24722,7
24723,10
24724,10
24725,9
24726,7
24727,10
24728,8
24729,6
24730,13
24731,10
24732,11
24733,8
24734,12
24735,8
24736,8
24737,7
24738,8
24739,8
24740,8
24741,9
24742,16
24743,4
24744,9
24745,11
24746,7
24747,9
24748,13
24749,9
24750,6
24751,15
24752,9
24753,9
24754,7
24755,14
24756,8
24757,9
24758,10
24759,13
24760,12
24761,8
24762,8
24763,10
24764,8
24765,5
24766,11
24767,8
24768,6
24769,8
24770,8
24771,11
24772,5
24773,12
24774,8
24775,8
24776,8
24777,9
24778,12
24779,13
24780,13
24781,9
24782,11
24783,6
24784,6
24785,5
24786,8
24787,3
24788,10
24789,12
24790,7
24791,10
24792,8
24793,7
24794,8
24795,11
24796,3
24797,7
24798,9
24799,9
24800,10
24801,7
24802,5
24803,11
24804,10
24805,8
24806,9
24807,8
24808,12
24809,7
24810,10
24811,7
24812,8
24813,10
24814,11
24815,6
24816,8
24817,7
24818,7
24819,3
24820,8
24821,11
24822,6
24823,13
24824,11
24825,9
24826,5
24827,9
24828,12
24829,11
24830,5
24831,12
24832,14
24833,10
24834,10
24835,10
24836,12
24837,10
24838,10
24839,13
24840,9
24841,12
24842,9
24843,8
24844,7
24845,8
24846,11
24847,14
24848,10
24849,10
24850,14
24851,8
24852,5
24853,11
24854,4
24855,8
24856,12
24857,11
24858,8
24859,9
24860,10
24861,10
24862,8
24863,7
24864,13
24865,7
24866,9
24867,8
24868,16
24869,10
24870,5
24871,6
24872,9
24873,7
24874,8
24875,11
24876,8
24877,5
24878,6
24879,10
24880,8
24881,9
24882,9
24883,10
24884,10
24885,7
24886,8
24887,13
24888,8
24889,8
24890,6
24891,6
24892,9
24893,7
24894,8
24895,3
24896,8
24897,11
24898,8
24899,12
24900,9
24901,7
24902,9
24903,8
24904,12
24905,13
24906,5
24907,10
24908,6
24909,6
24910,10
24911,7
24912,6
24913,13
24914,9
24915,5
24916,9
24917,11
24918,6
24919,3
24920,4
24921,6
24922,10
24923,5
24924,10
24925,7
24926,12
24927,8
24928,10
24929,8
24930,7
24931,9
24932,9
24933,7
24934,11
24935,9
24936,6
24937,8
24938,10
24939,9
24940,10
24941,7
24942,7
24943,9
24944,9
24945,11
24946,13
24947,9
24948,10
24949,7
24950,7
24951,10
24952,5
24953,9
24954,7
24955,12
24956,6
24957,8
24958,8
24959,11
24960,12
24961,12
24962,8
24963,9
24964,9
24965,12
24966,10
24967,10
24968,8
24969,9
24970,3
24971,8
24972,6
24973,11
24974,6
24975,8
24976,10
24977,3
24978,8
24979,11
24980,6
24981,10
24982,12
24983,6
24984,6
24985,9
24986,6
24987,8
24988,7
24989,8
24990,10
24991,13
24992,15
24993,8
24994,10
24995,7
24996,4
24997,6
24998,7
24999,13
